date,spend_million,entity_name,entity_id,cumulative_spend_million
2021-01-06,9e-6,pirati_stan,3,9e-6
2021-01-20,7.26e-4,spd,5,7.26e-4
2021-01-20,1.486727,spd,5,1.487453
2021-01-22,0.1815,trikolora,6,0.1815
2021-01-25,0.001331,ods_kdu_top09,2,0.001331
2021-01-26,0.00175,pirati_stan,3,0.001759
2021-01-26,0.00484,pirati_stan,3,0.006599
2021-01-27,5e-4,ods_kdu_top09,2,0.001831
2021-01-27,0.015,spd,5,1.5024529999999998
2021-01-28,0.00121,spd,5,1.503663
2021-01-28,0.06386984999999999,spd,5,1.5675328499999999
2021-01-28,0.0364089,spd,5,1.60394175
2021-01-28,0.03955611,spd,5,1.6434978599999999
2021-01-28,0.0200812,spd,5,1.66357906
2021-01-30,0.00119762,pirati_stan,3,0.00779662
2021-01-30,0.0010351199999999998,pirati_stan,3,0.00883174
2021-02-01,0.032,pirati_stan,3,0.04083174
2021-02-01,7.4605e-4,pirati_stan,3,0.04157779
2021-02-01,0.001054,pirati_stan,3,0.04263179
2021-02-01,0.00339685,pirati_stan,3,0.04602864
2021-02-01,0.020090470000000003,spd,5,1.68366953
2021-02-02,0.0435,pirati_stan,3,0.08952863999999999
2021-02-02,0.0575,pirati_stan,3,0.14702864
2021-02-02,8.5248e-4,pirati_stan,3,0.14788112
2021-02-03,4.48e-4,trikolora,6,0.181948
2021-02-04,0.035,pirati_stan,3,0.18288112
2021-02-04,0.0015,pirati_stan,3,0.18438112
2021-02-04,0.02,pirati_stan,3,0.20438112
2021-02-04,0.035,pirati_stan,3,0.23938112
2021-02-04,0.007,pirati_stan,3,0.24638112
2021-02-04,0.042,pirati_stan,3,0.28838112
2021-02-04,0.03,pirati_stan,3,0.31838112
2021-02-04,0.007,pirati_stan,3,0.32538112
2021-02-04,0.02,pirati_stan,3,0.34538112
2021-02-04,0.178415,spd,5,1.86208453
2021-02-04,0.02,spd,5,1.88208453
2021-02-06,0.039,pirati_stan,3,0.38438112
2021-02-06,0.0435,pirati_stan,3,0.42788112
2021-02-06,0.04,pirati_stan,3,0.46788112
2021-02-06,0.0412,pirati_stan,3,0.50908112
2021-02-06,0.039,pirati_stan,3,0.54808112
2021-02-06,0.005,pirati_stan,3,0.55308112
2021-02-06,0.015,pirati_stan,3,0.56808112
2021-02-06,0.008,pirati_stan,3,0.57608112
2021-02-08,0.001936,pirati_stan,3,0.57801712
2021-02-08,0.05000016,pirati_stan,3,0.62801728
2021-02-08,0.04,pirati_stan,3,0.66801728
2021-02-08,0.02,spd,5,1.90208453
2021-02-09,0.004808,pirati_stan,3,0.67282528
2021-02-10,0.04,pirati_stan,3,0.71282528
2021-02-10,0.001311,pirati_stan,3,0.71413628
2021-02-10,0.0225,pirati_stan,3,0.73663628
2021-02-10,0.025,pirati_stan,3,0.76163628
2021-02-10,0.007,pirati_stan,3,0.7686362800000001
2021-02-10,0.004,pirati_stan,3,0.7726362800000001
2021-02-10,0.00389359,pirati_stan,3,0.7765298700000001
2021-02-10,0.008,pirati_stan,3,0.78452987
2021-02-10,0.042,pirati_stan,3,0.82652987
2021-02-10,0.042,pirati_stan,3,0.86852987
2021-02-10,0.178415,spd,5,2.08049953
2021-02-10,0.69575,spd,5,2.77624953
2021-02-10,0.014867,spd,5,2.79111653
2021-02-10,0.12705,spd,5,2.9181665299999997
2021-02-10,0.0659208,spd,5,2.98408733
2021-02-10,0.014913,spd,5,2.99900033
2021-02-10,0.03146,trikolora,6,0.213408
2021-02-11,0.00439502,pirati_stan,3,0.8729248900000001
2021-02-11,0.0013368,pirati_stan,3,0.87426169
2021-02-11,0.0047795,pirati_stan,3,0.87904119
2021-02-15,0.003256,pirati_stan,3,0.8822971900000001
2021-02-15,0.015,spd,5,3.01400033
2021-02-15,0.02,spd,5,3.03400033
2021-02-15,0.0242,cssd,1,0.0242
2021-02-16,8.558e-5,pirati_stan,3,0.88238277
2021-02-16,8.479500000000001e-4,spd,5,3.03484828
2021-02-17,0.035,pirati_stan,3,0.91738277
2021-02-17,6.4149e-4,pirati_stan,3,0.91802426
2021-02-17,1.6509003999999998,spd,5,4.68574868
2021-02-17,1.0498262,spd,5,5.73557488
2021-02-17,0.1331,spd,5,5.8686748799999995
2021-02-17,0.047916,spd,5,5.916590879999999
2021-02-17,0.018,spd,5,5.93459088
2021-02-17,0.05000325,spd,5,5.98459413
2021-02-17,0.0490655,spd,5,6.03365963
2021-02-17,0.02,spd,5,6.053659629999999
2021-02-17,0.1815,trikolora,6,0.394908
2021-02-18,0.0121,pirati_stan,3,0.93012426
2021-02-18,0.01,pirati_stan,3,0.94012426
2021-02-19,0.02,pirati_stan,3,0.9601242600000001
2021-02-19,0.035,pirati_stan,3,0.99512426
2021-02-19,0.001147,pirati_stan,3,0.99627126
2021-02-19,0.028708,pirati_stan,3,1.02497926
2021-02-19,0.0363,pirati_stan,3,1.06127926
2021-02-19,0.0015,pirati_stan,3,1.0627792600000001
2021-02-19,0.006,pirati_stan,3,1.0687792600000001
2021-02-19,0.002,pirati_stan,3,1.0707792600000001
2021-02-20,0.00684425,spd,5,6.06050388
2021-02-20,0.02,spd,5,6.080503879999999
2021-02-22,0.02,pirati_stan,3,1.09077926
2021-02-22,0.011495,cssd,1,0.035695
2021-02-22,0.00484,cssd,1,0.040535
2021-02-22,0.00484,cssd,1,0.045375
2021-02-22,0.00484,cssd,1,0.050214999999999996
2021-02-22,0.0605,cssd,1,0.110715
2021-02-22,0.0605,cssd,1,0.171215
2021-02-22,0.0600765,cssd,1,0.23129149999999998
2021-02-22,0.076714,cssd,1,0.3080055
2021-02-22,5e-4,trikolora,6,0.395408
2021-02-22,5e-4,trikolora,6,0.395908
2021-02-22,5e-4,trikolora,6,0.396408
2021-02-23,0.015,spd,5,6.09550388
2021-02-23,0.02,spd,5,6.1155038799999994
2021-02-24,0.01824945,trikolora,6,0.41465745
2021-02-26,0.02,spd,5,6.13550388
2021-03-01,0.0105,pirati_stan,3,1.10127926
2021-03-01,0.05,pirati_stan,3,1.1512792600000001
2021-03-01,0.004,pirati_stan,3,1.15527926
2021-03-01,0.0025,pirati_stan,3,1.15777926
2021-03-01,3.53e-4,pirati_stan,3,1.1581322600000001
2021-03-01,0.004,pirati_stan,3,1.16213226
2021-03-01,0.00265,pirati_stan,3,1.16478226
2021-03-01,0.070979,pirati_stan,3,1.23576126
2021-03-01,0.009075,pirati_stan,3,1.24483626
2021-03-01,0.005,pirati_stan,3,1.24983626
2021-03-01,0.00104998,pirati_stan,3,1.25088624
2021-03-01,0.00175,pirati_stan,3,1.25263624
2021-03-01,5.1352e-4,pirati_stan,3,1.2531497600000001
2021-03-01,0.008615920000000001,pirati_stan,3,1.2617656800000001
2021-03-01,0.00277723,pirati_stan,3,1.26454291
2021-03-02,0.022688,pirati_stan,3,1.2872309100000001
2021-03-02,0.00377429,pirati_stan,3,1.2910052
2021-03-02,0.023232,pirati_stan,3,1.3142372
2021-03-02,0.005589,pirati_stan,3,1.3198262
2021-03-02,0.00299838,pirati_stan,3,1.32282458
2021-03-02,0.0484349,ods_kdu_top09,2,0.0502659
2021-03-02,0.06134315,ods_kdu_top09,2,0.11160905
2021-03-02,0.02,spd,5,6.1555038799999995
2021-03-02,2.228e-5,cssd,1,0.30802778
2021-03-03,0.0575,pirati_stan,3,1.3803245800000001
2021-03-03,0.1815,ods_kdu_top09,2,0.29310905
2021-03-03,0.15972,spd,5,6.31522388
2021-03-03,0.672276,spd,5,6.98749988
2021-03-03,3.7791517999999997,spd,5,10.766651679999999
2021-03-03,1.3737196,spd,5,12.14037128
2021-03-03,0.020557,spd,5,12.16092828
2021-03-03,0.014278,spd,5,12.17520628
2021-03-03,0.0474925,spd,5,12.22269878
2021-03-03,0.005,spd,5,12.227698779999999
2021-03-03,0.00484,spd,5,12.232538779999999
2021-03-03,0.002904,spd,5,12.23544278
2021-03-03,8e-4,spd,5,12.23624278
2021-03-03,0.00968,spd,5,12.245922779999999
2021-03-03,0.030008,spd,5,12.27593078
2021-03-03,0.18392,spd,5,12.45985078
2021-03-03,3.75e-4,spd,5,12.46022578
2021-03-03,0.018513,spd,5,12.478738779999999
2021-03-03,0.018513,spd,5,12.49725178
2021-03-04,0.075,pirati_stan,3,1.45532458
2021-03-04,0.002,pirati_stan,3,1.45732458
2021-03-04,0.045,pirati_stan,3,1.50232458
2021-03-04,0.032,pirati_stan,3,1.53432458
2021-03-04,0.008,pirati_stan,3,1.54232458
2021-03-04,0.041089,pirati_stan,3,1.58341358
2021-03-04,0.035,pirati_stan,3,1.6184135800000001
2021-03-04,0.0435,pirati_stan,3,1.66191358
2021-03-04,0.04,pirati_stan,3,1.70191358
2021-03-04,0.015,pirati_stan,3,1.71691358
2021-03-04,0.0020323900000000002,pirati_stan,3,1.71894597
2021-03-04,0.001,pirati_stan,3,1.71994597
2021-03-04,0.00151273,pirati_stan,3,1.7214587000000001
2021-03-04,0.0047795,pirati_stan,3,1.7262382
2021-03-04,0.032,pirati_stan,3,1.7582382
2021-03-04,0.0125,cssd,1,0.32052778
2021-03-05,0.0435,pirati_stan,3,1.8017382
2021-03-05,0.00595,pirati_stan,3,1.8076882
2021-03-05,0.0435,pirati_stan,3,1.8511882
2021-03-05,0.04,pirati_stan,3,1.8911882
2021-03-05,0.0121,pirati_stan,3,1.9032882
2021-03-05,0.0275,pirati_stan,3,1.9307882
2021-03-05,0.018120349999999997,pirati_stan,3,1.94890855
2021-03-05,0.02,pirati_stan,3,1.96890855
2021-03-05,0.035338,pirati_stan,3,2.00424655
2021-03-05,0.02,pirati_stan,3,2.02424655
2021-03-05,0.007,pirati_stan,3,2.03124655
2021-03-05,0.006,pirati_stan,3,2.03724655
2021-03-05,0.002,pirati_stan,3,2.03924655
2021-03-05,0.035,pirati_stan,3,2.0742465500000002
2021-03-05,0.045421,pirati_stan,3,2.11966755
2021-03-05,0.03,pirati_stan,3,2.14966755
2021-03-05,9.68e-4,pirati_stan,3,2.15063555
2021-03-05,0.0025,pirati_stan,3,2.15313555
2021-03-05,0.02,spd,5,12.517251779999999
2021-03-06,0.015,spd,5,12.53225178
2021-03-08,0.003,pirati_stan,3,2.15613555
2021-03-09,0.032,pirati_stan,3,2.18813555
2021-03-09,0.028708,pirati_stan,3,2.21684355
2021-03-09,0.005,pirati_stan,3,2.22184355
2021-03-09,1.815,ods_kdu_top09,2,2.10810905
2021-03-10,0.04,pirati_stan,3,2.26184355
2021-03-10,0.02,spd,5,12.552251779999999
2021-03-11,0.01,pirati_stan,3,2.27184355
2021-03-11,0.03524125,spd,5,12.58749303
2021-03-11,0.03025,spd,5,12.61774303
2021-03-11,0.03056944,spd,5,12.648312469999999
2021-03-11,0.158389,spd,5,12.80670147
2021-03-11,0.047916,spd,5,12.854617469999999
2021-03-11,0.05324,spd,5,12.90785747
2021-03-11,0.08349,spd,5,12.99134747
2021-03-11,0.4114,spd,5,13.40274747
2021-03-12,0.151976,pirati_stan,3,2.42381955
2021-03-12,0.002796,pirati_stan,3,2.42661555
2021-03-12,5.4e-4,pirati_stan,3,2.42715555
2021-03-12,0.04,pirati_stan,3,2.46715555
2021-03-12,0.0015,pirati_stan,3,2.4686555500000003
2021-03-12,0.079,pirati_stan,3,2.54765555
2021-03-12,0.005,cssd,1,0.32552778
2021-03-13,0.00108131,pirati_stan,3,2.54873686
2021-03-13,0.003,pirati_stan,3,2.55173686
2021-03-15,0.004806,pirati_stan,3,2.55654286
2021-03-15,0.02,spd,5,13.42274747
2021-03-16,0.02025,pirati_stan,3,2.57679286
2021-03-16,0.0020495599999999998,pirati_stan,3,2.57884242
2021-03-16,0.00484,pirati_stan,3,2.58368242
2021-03-16,0.00484,pirati_stan,3,2.58852242
2021-03-16,0.01875,pirati_stan,3,2.60727242
2021-03-16,0.03125,pirati_stan,3,2.63852242
2021-03-16,0.089238,pirati_stan,3,2.72776042
2021-03-16,0.00103,pirati_stan,3,2.72879042
2021-03-16,5.142699999999999e-4,pirati_stan,3,2.72930469
2021-03-16,0.00266313,pirati_stan,3,2.73196782
2021-03-16,8.799299999999999e-4,spd,5,13.423627399999999
2021-03-17,0.003,pirati_stan,3,2.73496782
2021-03-17,0.059,ods_kdu_top09,2,2.16710905
2021-03-17,0.1815,trikolora,6,0.59615745
2021-03-18,0.001867,pirati_stan,3,2.73683482
2021-03-18,0.0047795,pirati_stan,3,2.74161432
2021-03-18,0.035,pirati_stan,3,2.77661432
2021-03-18,0.00363,pirati_stan,3,2.78024432
2021-03-18,0.00212186,pirati_stan,3,2.78236618
2021-03-18,0.021201,pirati_stan,3,2.80356718
2021-03-19,0.001,ods_kdu_top09,2,2.16810905
2021-03-20,0.011923719999999999,spd,5,13.43555112
2021-03-22,0.003,pirati_stan,3,2.80656718
2021-03-22,0.049999,ods_kdu_top09,2,2.21810805
2021-03-22,0.0121,cssd,1,0.33762778
2021-03-23,0.003,pirati_stan,3,2.80956718
2021-03-23,0.014,pirati_stan,3,2.82356718
2021-03-23,0.02,pirati_stan,3,2.84356718
2021-03-23,0.0015712599999999999,pirati_stan,3,2.84513844
2021-03-23,0.015,pirati_stan,3,2.86013844
2021-03-23,0.015,pirati_stan,3,2.87513844
2021-03-23,0.0038490100000000004,pirati_stan,3,2.87898745
2021-03-23,0.01128957,spd,5,13.44684069
2021-03-24,9.9e-5,pirati_stan,3,2.87908645
2021-03-24,9.9e-5,pirati_stan,3,2.87918545
2021-03-24,0.00232613,pirati_stan,3,2.88151158
2021-03-24,0.0012905,spd,5,13.44813119
2021-03-24,0.01815,spd,5,13.46628119
2021-03-24,5.1e-4,spd,5,13.466791189999999
2021-03-24,0.0144,spd,5,13.481191189999999
2021-03-24,0.076714,cssd,1,0.41434178
2021-03-25,0.009317,pirati_stan,3,2.89082858
2021-03-25,0.02,spd,5,13.50119119
2021-03-26,0.57708832,cssd,1,0.9914301
2021-03-26,0.010333489999999999,cssd,1,1.00176359
2021-03-27,0.003,pirati_stan,3,2.89382858
2021-03-27,0.015,spd,5,13.516191189999999
2021-03-28,0.005,pirati_stan,3,2.89882858
2021-03-28,0.001,pirati_stan,3,2.89982858
2021-03-28,0.00571,pirati_stan,3,2.90553858
2021-03-28,0.001,pirati_stan,3,2.90653858
2021-03-29,0.01061953,ods_kdu_top09,2,2.22872758
2021-03-30,0.04,pirati_stan,3,2.94653858
2021-03-30,0.00154634,pirati_stan,3,2.94808492
2021-03-30,5e-4,pirati_stan,3,2.94858492
2021-03-30,0.0047795,pirati_stan,3,2.95336442
2021-03-30,0.0047795,pirati_stan,3,2.95814392
2021-03-30,0.00459078,pirati_stan,3,2.9627347
2021-03-30,0.01797518,pirati_stan,3,2.98070988
2021-03-30,0.363,ods_kdu_top09,2,2.59172758
2021-03-30,0.02,spd,5,13.53619119
2021-03-31,2.3232,ods_kdu_top09,2,4.91492758
2021-03-31,0.040852019999999996,spd,5,13.57704321
2021-03-31,0.005023,spd,5,13.582066209999999
2021-03-31,0.0035816,spd,5,13.58564781
2021-03-31,0.1573,spd,5,13.742947809999999
2021-04-01,0.032,pirati_stan,3,3.01270988
2021-04-01,0.05000011,pirati_stan,3,3.06270999
2021-04-01,0.015,pirati_stan,3,3.0777099900000002
2021-04-01,0.013333,pirati_stan,3,3.09104299
2021-04-01,0.04,pirati_stan,3,3.13104299
2021-04-01,0.0575,pirati_stan,3,3.18854299
2021-04-01,0.0435,pirati_stan,3,3.23204299
2021-04-01,0.00240023,pirati_stan,3,3.23444322
2021-04-01,0.27777778000000003,pirati_stan,3,3.5122210000000003
2021-04-01,0.028708,pirati_stan,3,3.540929
2021-04-01,0.0242,pirati_stan,3,3.565129
2021-04-01,0.222,ods_kdu_top09,2,5.13692758
2021-04-01,0.02178,ods_kdu_top09,2,5.15870758
2021-04-05,0.00120984,pirati_stan,3,3.5663388400000002
2021-04-06,0.01163,pirati_stan,3,3.57796884
2021-04-06,6.1711e-4,pirati_stan,3,3.57858595
2021-04-06,0.0024684,pirati_stan,3,3.58105435
2021-04-06,0.02118734,ods_kdu_top09,2,5.17989492
2021-04-06,0.02,spd,5,13.76294781
2021-04-06,0.0135,cssd,1,1.01526359
2021-04-07,0.035,pirati_stan,3,3.61605435
2021-04-07,0.02,pirati_stan,3,3.63605435
2021-04-07,0.02,pirati_stan,3,3.6560543500000002
2021-04-07,0.0121,pirati_stan,3,3.66815435
2021-04-07,0.05,pirati_stan,3,3.7181543500000003
2021-04-07,0.007,pirati_stan,3,3.72515435
2021-04-07,0.03,pirati_stan,3,3.75515435
2021-04-07,0.035,pirati_stan,3,3.79015435
2021-04-07,0.002,pirati_stan,3,3.79215435
2021-04-07,0.02,pirati_stan,3,3.81215435
2021-04-07,0.035,pirati_stan,3,3.8471543500000003
2021-04-07,0.045,pirati_stan,3,3.89215435
2021-04-07,0.006,pirati_stan,3,3.89815435
2021-04-07,0.032,pirati_stan,3,3.93015435
2021-04-07,0.05,pirati_stan,3,3.9801543500000003
2021-04-07,0.05,pirati_stan,3,4.03015435
2021-04-07,0.02904,pirati_stan,3,4.05919435
2021-04-07,0.03125,pirati_stan,3,4.09044435
2021-04-07,0.01875,pirati_stan,3,4.10919435
2021-04-07,0.0275,pirati_stan,3,4.13669435
2021-04-07,0.00363,pirati_stan,3,4.14032435
2021-04-07,0.00105,pirati_stan,3,4.14137435
2021-04-07,0.0412,pirati_stan,3,4.18257435
2021-04-07,0.04,pirati_stan,3,4.22257435
2021-04-07,0.0435,pirati_stan,3,4.26607435
2021-04-07,0.0121,pirati_stan,3,4.2781743500000005
2021-04-07,0.0434874,pirati_stan,3,4.3216617500000005
2021-04-07,0.035,pirati_stan,3,4.35666175
2021-04-07,0.0484,pirati_stan,3,4.40506175
2021-04-07,0.04,pirati_stan,3,4.44506175
2021-04-07,0.05445,ods_kdu_top09,2,5.23434492
2021-04-07,0.00726,ods_kdu_top09,2,5.2416049199999994
2021-04-07,0.028992849999999997,ods_kdu_top09,2,5.27059777
2021-04-07,0.015,ods_kdu_top09,2,5.28559777
2021-04-07,5.808,ods_kdu_top09,2,11.093597769999999
2021-04-07,0.04356,spd,5,13.80650781
2021-04-07,0.019965,spd,5,13.82647281
2021-04-07,0.1331,spd,5,13.95957281
2021-04-07,0.0011615999999999998,spd,5,13.960734409999999
2021-04-08,0.03,pirati_stan,3,4.47506175
2021-04-08,0.02,pirati_stan,3,4.4950617500000005
2021-04-08,0.021,pirati_stan,3,4.51606175
2021-04-08,5e-4,pirati_stan,3,4.51656175
2021-04-08,0.003,pirati_stan,3,4.51956175
2021-04-08,0.00287375,ods_kdu_top09,2,11.09647152
2021-04-08,0.0490655,spd,5,14.00979991
2021-04-08,0.0847,spd,5,14.09449991
2021-04-08,0.605,spd,5,14.69949991
2021-04-09,0.00665,pirati_stan,3,4.52621175
2021-04-09,0.04,pirati_stan,3,4.56621175
2021-04-09,0.005551,pirati_stan,3,4.57176275
2021-04-09,0.003,pirati_stan,3,4.57476275
2021-04-12,0.00484,pirati_stan,3,4.57960275
2021-04-12,0.00117,pirati_stan,3,4.58077275
2021-04-12,0.003,pirati_stan,3,4.5837727500000005
2021-04-12,0.1815,ods_kdu_top09,2,11.27797152
2021-04-13,0.00111824,pirati_stan,3,4.58489099
2021-04-13,0.0085,pirati_stan,3,4.5933909900000005
2021-04-13,0.032,pirati_stan,3,4.62539099
2021-04-13,0.035,pirati_stan,3,4.66039099
2021-04-13,4.13e-4,pirati_stan,3,4.66080399
2021-04-13,0.0021084899999999998,pirati_stan,3,4.66291248
2021-04-13,0.008331,ods_kdu_top09,2,11.28630252
2021-04-13,0.29179996999999996,ods_kdu_top09,2,11.57810249
2021-04-13,0.242,ods_kdu_top09,2,11.82010249
2021-04-13,0.038,ods_kdu_top09,2,11.85810249
2021-04-13,0.00484,ods_kdu_top09,2,11.86294249
2021-04-14,1e-6,pirati_stan,3,4.66291348
2021-04-14,0.11374,pirati_stan,3,4.77665348
2021-04-14,0.005324,pirati_stan,3,4.78197748
2021-04-14,8.22e-4,pirati_stan,3,4.78279948
2021-04-14,4.17e-4,pirati_stan,3,4.78321648
2021-04-14,5e-4,pirati_stan,3,4.78371648
2021-04-14,0.0345,pirati_stan,3,4.81821648
2021-04-14,0.001,ods_kdu_top09,2,11.86394249
2021-04-14,1.0285,spd,5,15.72799991
2021-04-14,0.02,spd,5,15.747999909999999
2021-04-15,0.017,pirati_stan,3,4.83521648
2021-04-15,0.005,pirati_stan,3,4.8402164800000005
2021-04-15,0.055,pirati_stan,3,4.89521648
2021-04-15,0.055,pirati_stan,3,4.95021648
2021-04-15,0.055,pirati_stan,3,5.0052164800000005
2021-04-15,0.0435,pirati_stan,3,5.04871648
2021-04-16,0.015,pirati_stan,3,5.06371648
2021-04-16,0.015,pirati_stan,3,5.07871648
2021-04-16,0.27777778000000003,pirati_stan,3,5.35649426
2021-04-16,0.002867,pirati_stan,3,5.35936126
2021-04-16,0.0033264,pirati_stan,3,5.36268766
2021-04-16,0.006,pirati_stan,3,5.36868766
2021-04-16,0.0015,pirati_stan,3,5.37018766
2021-04-16,8.6805e-4,spd,5,15.74886796
2021-04-16,0.015,spd,5,15.763867959999999
2021-04-16,0.6402799499999999,cssd,1,1.6555435399999998
2021-04-16,0.21258918,cssd,1,1.86813272
2021-04-17,0.003,pirati_stan,3,5.37318766
2021-04-19,0.1,pirati_stan,3,5.47318766
2021-04-19,0.0075,pirati_stan,3,5.48068766
2021-04-19,0.009,pirati_stan,3,5.48968766
2021-04-19,0.02,pirati_stan,3,5.50968766
2021-04-19,0.02,spd,5,15.78386796
2021-04-20,9e-6,pirati_stan,3,5.50969666
2021-04-20,0.00354,ods_kdu_top09,2,11.86748249
2021-04-20,0.025,ods_kdu_top09,2,11.892482489999999
2021-04-20,0.006,ods_kdu_top09,2,11.89848249
2021-04-20,0.00242,ods_kdu_top09,2,11.90090249
2021-04-20,0.15,ods_kdu_top09,2,12.05090249
2021-04-20,0.00606836,spd,5,15.789936319999999
2021-04-20,0.1815,trikolora,6,0.77765745
2021-04-21,0.007,pirati_stan,3,5.51669666
2021-04-21,0.004,pirati_stan,3,5.5206966600000005
2021-04-21,6.4472e-4,pirati_stan,3,5.52134138
2021-04-21,0.02,pirati_stan,3,5.54134138
2021-04-21,0.00336864,ods_kdu_top09,2,12.05427113
2021-04-21,0.025,ods_kdu_top09,2,12.07927113
2021-04-21,0.022022,spd,5,15.811958319999999
2021-04-21,0.003622,spd,5,15.815580319999999
2021-04-21,0.0025905,spd,5,15.818170819999999
2021-04-21,1.53e-4,spd,5,15.81832382
2021-04-21,0.0012,spd,5,15.819523819999999
2021-04-21,1.3915,spd,5,17.211023819999998
2021-04-21,0.22627,spd,5,17.43729382
2021-04-21,0.0520663,spd,5,17.48936012
2021-04-22,0.005986,pirati_stan,3,5.5473273800000005
2021-04-23,5e-4,pirati_stan,3,5.54782738
2021-04-23,0.509876,ods_kdu_top09,2,12.589147129999999
2021-04-23,0.128478,ods_kdu_top09,2,12.71762513
2021-04-23,0.01,ods_kdu_top09,2,12.72762513
2021-04-24,0.00421722,pirati_stan,3,5.5520446
2021-04-24,0.01999774,spd,5,17.509357859999998
2021-04-24,0.01845571,spd,5,17.52781357
2021-04-26,0.0121,cssd,1,1.88023272
2021-04-26,0.0551155,cssd,1,1.9353482199999998
2021-04-26,0.01948935,cssd,1,1.9548375699999998
2021-04-27,0.03,pirati_stan,3,5.5820446
2021-04-27,5e-4,pirati_stan,3,5.5825446
2021-04-27,0.008,pirati_stan,3,5.5905446
2021-04-27,8e-4,pirati_stan,3,5.5913446
2021-04-27,0.008,pirati_stan,3,5.5993446
2021-04-27,0.0044,pirati_stan,3,5.6037446
2021-04-27,0.19,ods_kdu_top09,2,12.91762513
2021-04-27,0.03035,ods_kdu_top09,2,12.94797513
2021-04-27,0.014846700000000001,ods_kdu_top09,2,12.96282183
2021-04-27,0.043492,ods_kdu_top09,2,13.00631383
2021-04-27,0.057112,ods_kdu_top09,2,13.06342583
2021-04-27,0.01815,ods_kdu_top09,2,13.08157583
2021-04-27,0.5770883299999999,cssd,1,2.5319258999999996
2021-04-27,0.20845,prisaha,4,0.20845
2021-04-27,0.00260755,prisaha,4,0.21105754999999998
2021-04-27,5e-4,prisaha,4,0.21155754999999998
2021-04-29,0.004,pirati_stan,3,5.6077446
2021-04-29,0.005,pirati_stan,3,5.6127446
2021-04-29,0.003,pirati_stan,3,5.6157446
2021-04-30,4.5221e-4,pirati_stan,3,5.61619681
2021-04-30,6.0371e-4,pirati_stan,3,5.61680052
2021-04-30,6.05e-4,pirati_stan,3,5.61740552
2021-04-30,0.009655799999999999,pirati_stan,3,5.62706132
2021-04-30,0.0022497399999999996,pirati_stan,3,5.62931106
2021-04-30,0.008550809999999999,pirati_stan,3,5.63786187
2021-04-30,0.2178,ods_kdu_top09,2,13.299375829999999
2021-04-30,0.045,ods_kdu_top09,2,13.344375829999999
2021-05-01,0.004007,pirati_stan,3,5.64186887
2021-05-01,0.02,spd,5,17.54781357
2021-05-03,0.031,pirati_stan,3,5.67286887
2021-05-03,0.04,pirati_stan,3,5.71286887
2021-05-03,0.015,pirati_stan,3,5.72786887
2021-05-03,0.03125,pirati_stan,3,5.75911887
2021-05-03,0.01875,pirati_stan,3,5.77786887
2021-05-03,0.0575,pirati_stan,3,5.83536887
2021-05-03,0.0435,pirati_stan,3,5.87886887
2021-05-03,0.03,pirati_stan,3,5.90886887
2021-05-03,2.3812e-4,pirati_stan,3,5.90910699
2021-05-03,0.015,pirati_stan,3,5.92410699
2021-05-03,6e-4,pirati_stan,3,5.92470699
2021-05-03,1e-4,ods_kdu_top09,2,13.34447583
2021-05-03,0.015,spd,5,17.56281357
2021-05-03,0.154275,cssd,1,2.6862009
2021-05-03,0.1862,prisaha,4,0.39775755
2021-05-03,0.20665,prisaha,4,0.60440755
2021-05-04,0.035841,pirati_stan,3,5.96054799
2021-05-04,0.02,pirati_stan,3,5.98054799
2021-05-04,0.02,pirati_stan,3,6.00054799
2021-05-04,0.0121,pirati_stan,3,6.0126479900000005
2021-05-04,0.006,pirati_stan,3,6.01864799
2021-05-04,0.0015,pirati_stan,3,6.02014799
2021-05-04,0.03,pirati_stan,3,6.05014799
2021-05-04,0.002,pirati_stan,3,6.05214799
2021-05-04,0.05,pirati_stan,3,6.10214799
2021-05-04,0.007,pirati_stan,3,6.10914799
2021-05-04,0.035,pirati_stan,3,6.1441479900000004
2021-05-04,0.022,pirati_stan,3,6.16614799
2021-05-04,0.035,pirati_stan,3,6.20114799
2021-05-04,0.08633138,pirati_stan,3,6.28747937
2021-05-04,0.004,pirati_stan,3,6.29147937
2021-05-04,0.0209,pirati_stan,3,6.31237937
2021-05-04,0.02904,pirati_stan,3,6.3414193700000006
2021-05-04,0.02,pirati_stan,3,6.36141937
2021-05-04,0.015,pirati_stan,3,6.37641937
2021-05-04,0.17424,pirati_stan,3,6.55065937
2021-05-04,0.01825,pirati_stan,3,6.56890937
2021-05-04,0.05,pirati_stan,3,6.61890937
2021-05-04,0.003,pirati_stan,3,6.62190937
2021-05-04,0.008,pirati_stan,3,6.62990937
2021-05-04,0.008,pirati_stan,3,6.63790937
2021-05-04,0.05131325,pirati_stan,3,6.68922262
2021-05-04,0.05445,ods_kdu_top09,2,13.39892583
2021-05-04,0.049999,ods_kdu_top09,2,13.44892483
2021-05-04,0.0639,ods_kdu_top09,2,13.51282483
2021-05-04,0.018029,ods_kdu_top09,2,13.53085383
2021-05-04,0.008,ods_kdu_top09,2,13.538853829999999
2021-05-04,0.121,ods_kdu_top09,2,13.65985383
2021-05-05,0.03045,pirati_stan,3,6.71967262
2021-05-05,0.5317664,pirati_stan,3,7.25143902
2021-05-05,0.0435,pirati_stan,3,7.29493902
2021-05-05,0.045,pirati_stan,3,7.33993902
2021-05-05,0.04,pirati_stan,3,7.37993902
2021-05-05,0.04,pirati_stan,3,7.41993902
2021-05-05,0.0035,pirati_stan,3,7.42343902
2021-05-05,0.0412,pirati_stan,3,7.46463902
2021-05-05,0.032,pirati_stan,3,7.49663902
2021-05-05,0.0020708899999999997,pirati_stan,3,7.4987099100000005
2021-05-05,0.00484,pirati_stan,3,7.50354991
2021-05-05,0.0225,pirati_stan,3,7.52604991
2021-05-05,0.242,ods_kdu_top09,2,13.90185383
2021-05-05,0.002222,spd,5,17.56503557
2021-05-05,0.006534,spd,5,17.571569569999998
2021-05-05,0.0028967399999999996,spd,5,17.57446631
2021-05-05,0.0012093,spd,5,17.57567561
2021-05-05,1.84e-4,spd,5,17.57585961
2021-05-05,0.00168,spd,5,17.57753961
2021-05-05,0.00294,spd,5,17.580479609999998
2021-05-05,0.001129,spd,5,17.58160861
2021-05-05,0.003938,spd,5,17.585546609999998
2021-05-05,0.00215,spd,5,17.58769661
2021-05-05,0.02,spd,5,17.607696609999998
2021-05-06,0.003,pirati_stan,3,7.52904991
2021-05-06,0.00363,cssd,1,2.6898309
2021-05-06,0.02178,cssd,1,2.7116108999999997
2021-05-06,0.0121,trikolora,6,0.78975745
2021-05-07,0.012,pirati_stan,3,7.54104991
2021-05-07,0.0015,pirati_stan,3,7.54254991
2021-05-07,1e-4,pirati_stan,3,7.54264991
2021-05-07,0.0435,pirati_stan,3,7.5861499100000005
2021-05-07,0.00363,pirati_stan,3,7.58977991
2021-05-07,0.00159,pirati_stan,3,7.59136991
2021-05-07,0.0039713000000000005,pirati_stan,3,7.59534121
2021-05-07,0.05,pirati_stan,3,7.64534121
2021-05-07,0.0435,pirati_stan,3,7.6888412100000005
2021-05-07,0.00336864,ods_kdu_top09,2,13.90522247
2021-05-07,9e-6,prisaha,4,0.60441655
2021-05-08,0.003,pirati_stan,3,7.69184121
2021-05-10,0.065587,pirati_stan,3,7.7574282100000005
2021-05-10,0.015,pirati_stan,3,7.77242821
2021-05-10,0.0018,pirati_stan,3,7.77422821
2021-05-10,0.04,pirati_stan,3,7.8142282100000005
2021-05-10,0.004,pirati_stan,3,7.81822821
2021-05-10,0.032,pirati_stan,3,7.85022821
2021-05-10,0.00313368,pirati_stan,3,7.85336189
2021-05-10,0.10164,pirati_stan,3,7.95500189
2021-05-10,0.7865,pirati_stan,3,8.74150189
2021-05-10,0.019965,ods_kdu_top09,2,13.92518747
2021-05-10,0.299959,ods_kdu_top09,2,14.22514647
2021-05-10,0.009196,ods_kdu_top09,2,14.23434247
2021-05-10,0.3993,ods_kdu_top09,2,14.63364247
2021-05-10,0.03,ods_kdu_top09,2,14.66364247
2021-05-10,0.11340928,ods_kdu_top09,2,14.77705175
2021-05-10,0.02,spd,5,17.62769661
2021-05-11,0.3127729,pirati_stan,3,9.054274790000001
2021-05-11,0.022,pirati_stan,3,9.07627479
2021-05-11,0.0028699,pirati_stan,3,9.07914469
2021-05-11,0.00472,pirati_stan,3,9.08386469
2021-05-11,0.00363,pirati_stan,3,9.08749469
2021-05-11,0.0567,pirati_stan,3,9.14419469
2021-05-11,5.1096e-4,pirati_stan,3,9.14470565
2021-05-11,0.04,pirati_stan,3,9.18470565
2021-05-12,0.025,pirati_stan,3,9.20970565
2021-05-12,0.024,pirati_stan,3,9.23370565
2021-05-12,0.006,pirati_stan,3,9.23970565
2021-05-12,0.27777778000000003,pirati_stan,3,9.51748343
2021-05-12,5.928999999999999e-4,pirati_stan,3,9.51807633
2021-05-12,0.035,pirati_stan,3,9.55307633
2021-05-12,0.005,pirati_stan,3,9.55807633
2021-05-12,0.0045,ods_kdu_top09,2,14.78155175
2021-05-12,0.002849,ods_kdu_top09,2,14.78440075
2021-05-12,0.030685599999999997,cssd,1,2.7422964999999997
2021-05-12,0.0121,cssd,1,2.7543965
2021-05-13,0.015,pirati_stan,3,9.57307633
2021-05-13,0.035,pirati_stan,3,9.60807633
2021-05-13,0.0047795,pirati_stan,3,9.61285583
2021-05-13,0.035,pirati_stan,3,9.647855830000001
2021-05-13,4.8394999999999997e-4,pirati_stan,3,9.64833978
2021-05-13,0.00254223,pirati_stan,3,9.65088201
2021-05-13,0.0017807300000000001,pirati_stan,3,9.65266274
2021-05-13,0.0047795,pirati_stan,3,9.65744224
2021-05-13,5e-4,pirati_stan,3,9.65794224
2021-05-13,0.020764,pirati_stan,3,9.67870624
2021-05-13,0.009830040000000002,pirati_stan,3,9.688536280000001
2021-05-13,6.0362e-4,pirati_stan,3,9.6891399
2021-05-13,0.0726,pirati_stan,3,9.7617399
2021-05-13,0.005,pirati_stan,3,9.7667399
2021-05-13,0.02,pirati_stan,3,9.7867399
2021-05-13,0.027515400000000002,pirati_stan,3,9.814255300000001
2021-05-13,0.0406318,pirati_stan,3,9.854887100000001
2021-05-13,0.0207031,pirati_stan,3,9.8755902
2021-05-13,0.0811184,pirati_stan,3,9.9567086
2021-05-13,0.070059,pirati_stan,3,10.0267676
2021-05-13,0.0405834,pirati_stan,3,10.067351
2021-05-13,0.0232683,pirati_stan,3,10.0906193
2021-05-13,0.1463374,pirati_stan,3,10.2369567
2021-05-13,0.056361800000000004,pirati_stan,3,10.2933185
2021-05-13,0.0515339,pirati_stan,3,10.3448524
2021-05-13,0.0232562,pirati_stan,3,10.3681086
2021-05-13,0.0267168,pirati_stan,3,10.3948254
2021-05-13,0.0091476,pirati_stan,3,10.403973
2021-05-13,0.012729200000000001,pirati_stan,3,10.4167022
2021-05-13,0.0115676,pirati_stan,3,10.4282698
2021-05-13,0.011156200000000002,pirati_stan,3,10.439426000000001
2021-05-13,0.0111078,pirati_stan,3,10.4505338
2021-05-13,0.00709544,pirati_stan,3,10.45762924
2021-05-13,0.02095478,pirati_stan,3,10.47858402
2021-05-13,0.01305832,pirati_stan,3,10.49164234
2021-05-13,0.003,pirati_stan,3,10.49464234
2021-05-13,3,spd,5,20.62769661
2021-05-13,0.001162,spd,5,20.628858609999998
2021-05-13,0.002222,spd,5,20.631080609999998
2021-05-13,7.286e-4,spd,5,20.63180921
2021-05-13,0.01815,spd,5,20.64995921
2021-05-13,4.36e-4,spd,5,20.65039521
2021-05-13,2.69287,spd,5,23.34326521
2021-05-13,0.0235,cssd,1,2.7778964999999998
2021-05-14,0.0066308,pirati_stan,3,10.50127314
2021-05-14,3.926e-4,pirati_stan,3,10.50166574
2021-05-14,4.05e-4,pirati_stan,3,10.50207074
2021-05-14,0.00242,pirati_stan,3,10.50449074
2021-05-14,0.00484,pirati_stan,3,10.50933074
2021-05-14,0.0118096,pirati_stan,3,10.52114034
2021-05-14,0.006897,pirati_stan,3,10.528037340000001
2021-05-14,0.0017,pirati_stan,3,10.52973734
2021-05-14,0.012600700000000001,ods_kdu_top09,2,14.79700145
2021-05-14,0.017,ods_kdu_top09,2,14.81400145
2021-05-14,0.025,ods_kdu_top09,2,14.83900145
2021-05-14,0.02222,ods_kdu_top09,2,14.86122145
2021-05-14,0.02466475,ods_kdu_top09,2,14.8858862
2021-05-14,0.001,ods_kdu_top09,2,14.8868862
2021-05-14,0.00277,ods_kdu_top09,2,14.8896562
2021-05-15,0.02,spd,5,23.363265209999998
2021-05-15,6.05e-4,prisaha,4,0.60502155
2021-05-17,0.012,pirati_stan,3,10.541737340000001
2021-05-17,0.0091476,pirati_stan,3,10.55088494
2021-05-17,0.015,pirati_stan,3,10.56588494
2021-05-17,0.0045,pirati_stan,3,10.57038494
2021-05-17,0.00455,pirati_stan,3,10.57493494
2021-05-17,0.0055,pirati_stan,3,10.58043494
2021-05-17,0.0038589,pirati_stan,3,10.58429384
2021-05-17,0.004,pirati_stan,3,10.58829384
2021-05-17,0.001,pirati_stan,3,10.58929384
2021-05-17,0.01573,pirati_stan,3,10.60502384
2021-05-17,0.0363,ods_kdu_top09,2,14.9259562
2021-05-17,0.31978364000000004,ods_kdu_top09,2,15.245739839999999
2021-05-17,0.428106,ods_kdu_top09,2,15.67384584
2021-05-17,8.3964e-4,spd,5,23.36410485
2021-05-17,9.075e-4,prisaha,4,0.60592905
2021-05-17,9.075e-4,prisaha,4,0.60683655
2021-05-17,6.05e-4,prisaha,4,0.60744155
2021-05-17,6.05e-4,prisaha,4,0.60804655
2021-05-18,0.00605,pirati_stan,3,10.61107384
2021-05-18,1.02e-4,pirati_stan,3,10.61117584
2021-05-18,0.007,pirati_stan,3,10.61817584
2021-05-18,0.003063,pirati_stan,3,10.62123884
2021-05-18,0.005,pirati_stan,3,10.626238840000001
2021-05-18,0.005,pirati_stan,3,10.63123884
2021-05-18,0.015,pirati_stan,3,10.64623884
2021-05-18,0.001057,ods_kdu_top09,2,15.67490284
2021-05-18,7.19e-4,ods_kdu_top09,2,15.67562184
2021-05-18,0.015,spd,5,23.37910485
2021-05-18,0.0015125,prisaha,4,0.60955905
2021-05-19,0.00128432,pirati_stan,3,10.64752316
2021-05-19,0.0274,ods_kdu_top09,2,15.70302184
2021-05-19,0.3125,ods_kdu_top09,2,16.015521839999998
2021-05-19,9.19e-4,ods_kdu_top09,2,16.01644084
2021-05-19,0.0573,ods_kdu_top09,2,16.07374084
2021-05-19,0.00242,ods_kdu_top09,2,16.07616084
2021-05-19,0.0215,ods_kdu_top09,2,16.09766084
2021-05-19,5e-4,prisaha,4,0.61005905
2021-05-19,0.002,prisaha,4,0.61205905
2021-05-19,5e-4,prisaha,4,0.61255905
2021-05-19,0.18755,prisaha,4,0.80010905
2021-05-19,0.0021175,prisaha,4,0.80222655
2021-05-20,0.121,pirati_stan,3,10.76852316
2021-05-20,0.242,pirati_stan,3,11.01052316
2021-05-20,0.121,pirati_stan,3,11.13152316
2021-05-20,0.005,pirati_stan,3,11.13652316
2021-05-20,0.035,pirati_stan,3,11.17152316
2021-05-20,3.99e-5,pirati_stan,3,11.17156306
2021-05-20,5.25e-4,pirati_stan,3,11.17208806
2021-05-20,0.001534,pirati_stan,3,11.17362206
2021-05-20,5.34e-4,pirati_stan,3,11.17415606
2021-05-20,0.00236,pirati_stan,3,11.17651606
2021-05-20,0.0029081,pirati_stan,3,11.17942416
2021-05-20,0.00299,pirati_stan,3,11.18241416
2021-05-20,0.02,pirati_stan,3,11.20241416
2021-05-20,0.0175,pirati_stan,3,11.21991416
2021-05-20,0.0036,pirati_stan,3,11.22351416
2021-05-20,0.02,pirati_stan,3,11.24351416
2021-05-20,0.005,pirati_stan,3,11.248514160000001
2021-05-20,0.0126246,spd,5,23.39172945
2021-05-20,0.003025,prisaha,4,0.80525155
2021-05-21,9e-6,pirati_stan,3,11.24852316
2021-05-21,0.011,pirati_stan,3,11.25952316
2021-05-21,0.00148282,pirati_stan,3,11.26100598
2021-05-21,0.0234,pirati_stan,3,11.28440598
2021-05-21,0.0363,ods_kdu_top09,2,16.13396084
2021-05-21,0.02904,ods_kdu_top09,2,16.16300084
2021-05-21,0.042713,ods_kdu_top09,2,16.20571384
2021-05-21,2e-4,prisaha,4,0.80545155
2021-05-21,0.001,prisaha,4,0.80645155
2021-05-21,0.00484,prisaha,4,0.81129155
2021-05-24,4.8343e-4,pirati_stan,3,11.28488941
2021-05-24,0.001,pirati_stan,3,11.28588941
2021-05-24,0.04,pirati_stan,3,11.32588941
2021-05-24,0.04,pirati_stan,3,11.36588941
2021-05-24,0.04,pirati_stan,3,11.40588941
2021-05-24,0.00225,pirati_stan,3,11.40813941
2021-05-24,0.003,pirati_stan,3,11.41113941
2021-05-24,1.393e-4,pirati_stan,3,11.41127871
2021-05-24,0.047142,pirati_stan,3,11.45842071
2021-05-24,0.00164682,pirati_stan,3,11.46006753
2021-05-24,0.005,pirati_stan,3,11.46506753
2021-05-24,0.005,pirati_stan,3,11.47006753
2021-05-24,0.0242,pirati_stan,3,11.49426753
2021-05-24,0.001694,pirati_stan,3,11.49596153
2021-05-24,5.97e-4,pirati_stan,3,11.49655853
2021-05-24,0.005,pirati_stan,3,11.50155853
2021-05-24,0.3146,ods_kdu_top09,2,16.52031384
2021-05-24,0.01715879,spd,5,23.40888824
2021-05-24,0.036518,cssd,1,2.8144145
2021-05-25,4.1139999999999997e-4,pirati_stan,3,11.50196993
2021-05-25,0.0122,pirati_stan,3,11.51416993
2021-05-25,1.23e-4,pirati_stan,3,11.51429293
2021-05-25,0.02,pirati_stan,3,11.53429293
2021-05-25,0.028,pirati_stan,3,11.56229293
2021-05-25,0.006,pirati_stan,3,11.56829293
2021-05-25,0.02,pirati_stan,3,11.58829293
2021-05-25,0.006271,pirati_stan,3,11.59456393
2021-05-25,0.0075,pirati_stan,3,11.60206393
2021-05-25,0.05445,pirati_stan,3,11.656513930000001
2021-05-25,0.022,pirati_stan,3,11.67851393
2021-05-25,0.9357171999999999,ods_kdu_top09,2,17.45603104
2021-05-25,0.0020686,ods_kdu_top09,2,17.45809964
2021-05-25,0.0011626,ods_kdu_top09,2,17.45926224
2021-05-25,0.04802604,ods_kdu_top09,2,17.50728828
2021-05-25,0.075383,ods_kdu_top09,2,17.58267128
2021-05-25,0.0591255,ods_kdu_top09,2,17.64179678
2021-05-25,0.02,spd,5,23.42888824
2021-05-26,0.030008,spd,5,23.458896239999998
2021-05-26,0.04,spd,5,23.49889624
2021-05-26,0.016335,spd,5,23.51523124
2021-05-26,9.6e-4,spd,5,23.516191239999998
2021-05-26,0.00604,spd,5,23.52223124
2021-05-26,0.03,spd,5,23.55223124
2021-05-26,0.227238,spd,5,23.77946924
2021-05-26,0.69575,spd,5,24.475219239999998
2021-05-26,0.0034665,spd,5,24.47868574
2021-05-26,0.0017541,spd,5,24.48043984
2021-05-26,0.0032284,spd,5,24.48366824
2021-05-26,0.076714,cssd,1,2.8911284999999998
2021-05-26,0.01226068,cssd,1,2.90338918
2021-05-26,0.00726,prisaha,4,0.81855155
2021-05-27,0.005,pirati_stan,3,11.68351393
2021-05-27,0.018,pirati_stan,3,11.70151393
2021-05-27,0.001,pirati_stan,3,11.70251393
2021-05-28,0.002904,pirati_stan,3,11.70541793
2021-05-28,0.02541,pirati_stan,3,11.73082793
2021-05-28,0.025,pirati_stan,3,11.75582793
2021-05-28,0.013,pirati_stan,3,11.76882793
2021-05-28,0.004,pirati_stan,3,11.77282793
2021-05-28,0.0035768600000000003,pirati_stan,3,11.77640479
2021-05-28,0.009101,pirati_stan,3,11.78550579
2021-05-28,6.7e-4,pirati_stan,3,11.78617579
2021-05-28,0.0018621500000000001,pirati_stan,3,11.78803794
2021-05-28,0.01,pirati_stan,3,11.79803794
2021-05-28,0.003209,ods_kdu_top09,2,17.645005779999998
2021-05-28,0.15,ods_kdu_top09,2,17.79500578
2021-05-28,0.015016100000000001,ods_kdu_top09,2,17.81002188
2021-05-29,0.0012619600000000001,pirati_stan,3,11.7992999
2021-05-31,5.48e-4,pirati_stan,3,11.7998479
2021-05-31,0.008,pirati_stan,3,11.8078479
2021-05-31,8.049e-4,pirati_stan,3,11.8086528
2021-05-31,1.38e-4,pirati_stan,3,11.8087908
2021-05-31,0.015,pirati_stan,3,11.8237908
2021-05-31,0.0041372299999999996,pirati_stan,3,11.82792803
2021-05-31,0.00117096,pirati_stan,3,11.82909899
2021-05-31,0.02,pirati_stan,3,11.84909899
2021-05-31,5.808,ods_kdu_top09,2,23.61802188
2021-05-31,0.02,spd,5,24.50366824
2021-06-01,0.03,pirati_stan,3,11.87909899
2021-06-01,0.053966,pirati_stan,3,11.93306499
2021-06-01,0.06620152,pirati_stan,3,11.99926651
2021-06-01,0.018029,pirati_stan,3,12.01729551
2021-06-01,0.003872,pirati_stan,3,12.02116751
2021-06-01,0.178,pirati_stan,3,12.19916751
2021-06-01,0.003,pirati_stan,3,12.20216751
2021-06-01,0.015,pirati_stan,3,12.21716751
2021-06-01,0.015,pirati_stan,3,12.23216751
2021-06-01,4.05e-4,pirati_stan,3,12.23257251
2021-06-01,0.02904,pirati_stan,3,12.26161251
2021-06-01,0.03385,pirati_stan,3,12.29546251
2021-06-01,4.26e-4,pirati_stan,3,12.29588851
2021-06-01,0.00153,pirati_stan,3,12.29741851
2021-06-01,2.51e-4,pirati_stan,3,12.29766951
2021-06-01,0.02,pirati_stan,3,12.31766951
2021-06-01,0.035,pirati_stan,3,12.35266951
2021-06-01,0.02286,pirati_stan,3,12.37552951
2021-06-01,0.05,pirati_stan,3,12.42552951
2021-06-01,0.006,pirati_stan,3,12.43152951
2021-06-01,0.002,pirati_stan,3,12.43352951
2021-06-01,0.02,pirati_stan,3,12.453529510000001
2021-06-01,0.02,pirati_stan,3,12.47352951
2021-06-01,0.03,pirati_stan,3,12.50352951
2021-06-01,0.0535788,pirati_stan,3,12.55710831
2021-06-01,0.005,pirati_stan,3,12.56210831
2021-06-01,0.0066248999999999995,pirati_stan,3,12.56873321
2021-06-01,0.16079372,ods_kdu_top09,2,23.778815599999998
2021-06-01,0.09293042,ods_kdu_top09,2,23.87174602
2021-06-01,0.0794607,ods_kdu_top09,2,23.95120672
2021-06-01,0.13160263,ods_kdu_top09,2,24.082809349999998
2021-06-01,0.16861108,ods_kdu_top09,2,24.25142043
2021-06-01,0.025,ods_kdu_top09,2,24.276420429999998
2021-06-01,0.009075,ods_kdu_top09,2,24.28549543
2021-06-01,0.055062,ods_kdu_top09,2,24.34055743
2021-06-01,0.02,ods_kdu_top09,2,24.36055743
2021-06-01,0.0036225,ods_kdu_top09,2,24.36417993
2021-06-01,0.036361,trikolora,6,0.82611845
2021-06-02,0.005,pirati_stan,3,12.57373321
2021-06-02,0.003,pirati_stan,3,12.57673321
2021-06-02,0.0108,pirati_stan,3,12.58753321
2021-06-02,0.0049,pirati_stan,3,12.59243321
2021-06-02,0.00875,pirati_stan,3,12.60118321
2021-06-02,0.02,pirati_stan,3,12.62118321
2021-06-02,0.005,pirati_stan,3,12.62618321
2021-06-02,0.029,pirati_stan,3,12.65518321
2021-06-02,0.01936,pirati_stan,3,12.67454321
2021-06-02,0.007986,ods_kdu_top09,2,24.372165929999998
2021-06-02,0.001,ods_kdu_top09,2,24.37316593
2021-06-02,0.002,ods_kdu_top09,2,24.375165929999998
2021-06-02,0.006,ods_kdu_top09,2,24.381165929999998
2021-06-02,0.00125,spd,5,24.50491824
2021-06-02,0.002043,spd,5,24.50696124
2021-06-02,0.001803,spd,5,24.508764239999998
2021-06-02,0.013522,spd,5,24.52228624
2021-06-02,0.01585651,spd,5,24.53814275
2021-06-02,0.003148,spd,5,24.541290749999998
2021-06-03,0.002,pirati_stan,3,12.67654321
2021-06-03,0.00278,pirati_stan,3,12.67932321
2021-06-03,0.003303,pirati_stan,3,12.68262621
2021-06-03,0.0105,pirati_stan,3,12.69312621
2021-06-03,0.005,pirati_stan,3,12.69812621
2021-06-03,0.003047,pirati_stan,3,12.70117321
2021-06-03,0.022,pirati_stan,3,12.72317321
2021-06-03,0.00200188,pirati_stan,3,12.72517509
2021-06-03,0.0435,pirati_stan,3,12.76867509
2021-06-03,0.04,pirati_stan,3,12.80867509
2021-06-03,0.001,pirati_stan,3,12.80967509
2021-06-03,0.0050336,pirati_stan,3,12.81470869
2021-06-03,0.0035695,pirati_stan,3,12.818278190000001
2021-06-03,0.00495,pirati_stan,3,12.82322819
2021-06-03,0.140118,pirati_stan,3,12.96334619
2021-06-03,0.022,pirati_stan,3,12.98534619
2021-06-03,0.01089,prisaha,4,0.82944155
2021-06-04,0.01096444,pirati_stan,3,12.99631063
2021-06-04,0.015,pirati_stan,3,13.01131063
2021-06-04,0.045,pirati_stan,3,13.05631063
2021-06-04,0.016,pirati_stan,3,13.07231063
2021-06-04,0.05,pirati_stan,3,13.12231063
2021-06-04,0.02,pirati_stan,3,13.14231063
2021-06-04,0.008,pirati_stan,3,13.15031063
2021-06-04,0.016,pirati_stan,3,13.16631063
2021-06-04,0.016,pirati_stan,3,13.18231063
2021-06-04,0.008,pirati_stan,3,13.19031063
2021-06-04,0.016,pirati_stan,3,13.20631063
2021-06-04,0.040978,pirati_stan,3,13.24728863
2021-06-04,0.007,pirati_stan,3,13.25428863
2021-06-04,0.04,pirati_stan,3,13.29428863
2021-06-04,0.015,pirati_stan,3,13.30928863
2021-06-04,0.0015,pirati_stan,3,13.31078863
2021-06-04,1.9998e-4,pirati_stan,3,13.31098861
2021-06-04,6.7e-5,ods_kdu_top09,2,24.38123293
2021-06-04,0.0088209,ods_kdu_top09,2,24.39005383
2021-06-04,3.18e-4,ods_kdu_top09,2,24.39037183
2021-06-04,0.015,zeleni,7,0.015
2021-06-04,0.24563,prisaha,4,1.0750715499999999
2021-06-04,0.170445,prisaha,4,1.24551655
2021-06-04,0.09801,prisaha,4,1.34352655
2021-06-04,0.011495,prisaha,4,1.35502155
2021-06-04,0.190575,prisaha,4,1.54559655
2021-06-04,0.0847,prisaha,4,1.63029655
2021-06-05,0.003,pirati_stan,3,13.313988610000001
2021-06-05,0.012,pirati_stan,3,13.32598861
2021-06-05,0.001,pirati_stan,3,13.32698861
2021-06-05,0.005,pirati_stan,3,13.33198861
2021-06-05,0.01576256,pirati_stan,3,13.34775117
2021-06-05,0.005,pirati_stan,3,13.35275117
2021-06-05,0.02,pirati_stan,3,13.37275117
2021-06-05,0.02,spd,5,24.561290749999998
2021-06-07,0.023879,pirati_stan,3,13.39663017
2021-06-07,0.035,pirati_stan,3,13.43163017
2021-06-07,0.007,pirati_stan,3,13.43863017
2021-06-07,0.0121,pirati_stan,3,13.45073017
2021-06-07,0.05,pirati_stan,3,13.50073017
2021-06-07,9.9e-5,pirati_stan,3,13.50082917
2021-06-07,0.022,pirati_stan,3,13.52282917
2021-06-07,0.0047795,pirati_stan,3,13.52760867
2021-06-07,0.0042331,pirati_stan,3,13.53184177
2021-06-07,0.0042331,pirati_stan,3,13.53607487
2021-06-07,0.0042331,pirati_stan,3,13.54030797
2021-06-07,3.1349000000000004e-4,pirati_stan,3,13.54062146
2021-06-07,3.1349000000000004e-4,pirati_stan,3,13.54093495
2021-06-07,3.1349000000000004e-4,pirati_stan,3,13.54124844
2021-06-07,6.531e-4,pirati_stan,3,13.54190154
2021-06-07,6.531e-4,pirati_stan,3,13.54255464
2021-06-07,6.531e-4,pirati_stan,3,13.54320774
2021-06-07,3.1349000000000004e-4,pirati_stan,3,13.54352123
2021-06-07,3.1349000000000004e-4,pirati_stan,3,13.54383472
2021-06-07,3.1349000000000004e-4,pirati_stan,3,13.54414821
2021-06-07,0.003,pirati_stan,3,13.54714821
2021-06-07,0.02,pirati_stan,3,13.567148210000001
2021-06-07,0.01,ods_kdu_top09,2,24.40037183
2021-06-07,0.0687,ods_kdu_top09,2,24.46907183
2021-06-07,0.0167464,ods_kdu_top09,2,24.48581823
2021-06-08,0.05,pirati_stan,3,13.61714821
2021-06-08,2.05e-4,pirati_stan,3,13.617353210000001
2021-06-08,0.032,pirati_stan,3,13.649353210000001
2021-06-08,0.05,pirati_stan,3,13.69935321
2021-06-08,0.05,pirati_stan,3,13.74935321
2021-06-08,0.025,pirati_stan,3,13.774353210000001
2021-06-08,0.005,pirati_stan,3,13.77935321
2021-06-08,0.005,pirati_stan,3,13.78435321
2021-06-08,0.01,pirati_stan,3,13.79435321
2021-06-08,0.015,pirati_stan,3,13.80935321
2021-06-08,0.00274,ods_kdu_top09,2,24.48855823
2021-06-08,0.012,ods_kdu_top09,2,24.50055823
2021-06-08,4e-4,ods_kdu_top09,2,24.50095823
2021-06-08,0.11858,ods_kdu_top09,2,24.61953823
2021-06-08,0.005,zeleni,7,0.02
2021-06-09,0.01,pirati_stan,3,13.819353210000001
2021-06-09,0.0031073800000000003,pirati_stan,3,13.82246059
2021-06-09,0.00242,ods_kdu_top09,2,24.62195823
2021-06-09,0.025,ods_kdu_top09,2,24.64695823
2021-06-09,0.039,ods_kdu_top09,2,24.68595823
2021-06-09,0.074,ods_kdu_top09,2,24.75995823
2021-06-09,0.003079,spd,5,24.56436975
2021-06-09,0.017095,spd,5,24.58146475
2021-06-09,0.00968,spd,5,24.591144749999998
2021-06-09,0.0520663,spd,5,24.643211049999998
2021-06-09,0.00968,spd,5,24.65289105
2021-06-09,0.0031376999999999998,spd,5,24.65602875
2021-06-09,0.0041,spd,5,24.66012875
2021-06-09,0.121,spd,5,24.78112875
2021-06-09,0.0045111000000000005,spd,5,24.78563985
2021-06-09,0.029995900000000002,spd,5,24.81563575
2021-06-09,0.015,spd,5,24.83063575
2021-06-09,0.0363,trikolora,6,0.86241845
2021-06-09,0.25,trikolora,6,1.11241845
2021-06-09,0.3,trikolora,6,1.4124184499999999
2021-06-10,0.0015,pirati_stan,3,13.82396059
2021-06-10,0.0046,pirati_stan,3,13.82856059
2021-06-10,8.1e-4,pirati_stan,3,13.82937059
2021-06-10,0.133333,pirati_stan,3,13.96270359
2021-06-10,0.002475,pirati_stan,3,13.96517859
2021-06-10,0.0079134,pirati_stan,3,13.97309199
2021-06-10,0.02,pirati_stan,3,13.99309199
2021-06-10,0.022,pirati_stan,3,14.01509199
2021-06-10,0.035,pirati_stan,3,14.05009199
2021-06-10,0.0141162,pirati_stan,3,14.06420819
2021-06-10,0.065,pirati_stan,3,14.12920819
2021-06-10,0.04,pirati_stan,3,14.16920819
2021-06-10,0.002142,pirati_stan,3,14.17135019
2021-06-10,0.0056408000000000005,pirati_stan,3,14.17699099
2021-06-10,0.02648,pirati_stan,3,14.20347099
2021-06-10,1e-4,pirati_stan,3,14.20357099
2021-06-10,6.3652e-4,pirati_stan,3,14.20420751
2021-06-10,0.0038,pirati_stan,3,14.20800751
2021-06-10,0.005,pirati_stan,3,14.21300751
2021-06-10,0.02,pirati_stan,3,14.23300751
2021-06-10,0.01007,ods_kdu_top09,2,24.770028229999998
2021-06-10,0.01343615,prisaha,4,1.6437327
2021-06-11,0.01,pirati_stan,3,14.24300751
2021-06-11,0.0036,pirati_stan,3,14.24660751
2021-06-11,0.0028699,pirati_stan,3,14.24947741
2021-06-11,0.009731809999999999,pirati_stan,3,14.25920922
2021-06-11,9.67e-4,pirati_stan,3,14.26017622
2021-06-11,0.008,pirati_stan,3,14.26817622
2021-06-11,0.020086,pirati_stan,3,14.28826222
2021-06-11,0.04,pirati_stan,3,14.328262220000001
2021-06-11,0.02541,ods_kdu_top09,2,24.79543823
2021-06-12,0.01,pirati_stan,3,14.33826222
2021-06-12,0.003,pirati_stan,3,14.34126222
2021-06-12,0.015,pirati_stan,3,14.35626222
2021-06-12,0.02,spd,5,24.85063575
2021-06-12,0.02,cssd,1,2.92338918
2021-06-14,8.13e-4,pirati_stan,3,14.35707522
2021-06-14,1.098e-4,pirati_stan,3,14.35718502
2021-06-14,0.02,pirati_stan,3,14.37718502
2021-06-14,0.0047795,pirati_stan,3,14.38196452
2021-06-14,6.3e-4,pirati_stan,3,14.38259452
2021-06-14,9e-5,pirati_stan,3,14.38268452
2021-06-14,0.032,pirati_stan,3,14.41468452
2021-06-14,0.003025,ods_kdu_top09,2,24.79846323
2021-06-14,0.02159,ods_kdu_top09,2,24.82005323
2021-06-14,0.0288,ods_kdu_top09,2,24.84885323
2021-06-14,0.026,ods_kdu_top09,2,24.87485323
2021-06-14,0.0218,ods_kdu_top09,2,24.89665323
2021-06-14,0.0121,cssd,1,2.93548918
2021-06-15,0.01,pirati_stan,3,14.42468452
2021-06-15,0.00888,pirati_stan,3,14.433564520000001
2021-06-15,0.01875,pirati_stan,3,14.45231452
2021-06-15,0.03125,pirati_stan,3,14.48356452
2021-06-15,0.09,pirati_stan,3,14.57356452
2021-06-15,0.002,pirati_stan,3,14.57556452
2021-06-15,0.003,pirati_stan,3,14.57856452
2021-06-15,0.195124,pirati_stan,3,14.77368852
2021-06-15,0.035,pirati_stan,3,14.80868852
2021-06-15,0.035,pirati_stan,3,14.84368852
2021-06-15,0.00105,pirati_stan,3,14.84473852
2021-06-15,0.00484,pirati_stan,3,14.84957852
2021-06-15,0.00310353,pirati_stan,3,14.85268205
2021-06-15,0.00484,pirati_stan,3,14.85752205
2021-06-15,0.065,ods_kdu_top09,2,24.96165323
2021-06-15,0.0105,cssd,1,2.9459891799999998
2021-06-16,0.01,pirati_stan,3,14.86752205
2021-06-16,9.6657e-4,pirati_stan,3,14.86848862
2021-06-16,0.028,pirati_stan,3,14.89648862
2021-06-16,0.0023958,pirati_stan,3,14.89888442
2021-06-16,4e-4,pirati_stan,3,14.89928442
2021-06-16,0.0055,pirati_stan,3,14.90478442
2021-06-16,0.004,pirati_stan,3,14.90878442
2021-06-16,0.0015,pirati_stan,3,14.91028442
2021-06-16,0.008,pirati_stan,3,14.91828442
2021-06-16,0.006,pirati_stan,3,14.92428442
2021-06-16,6.97e-4,pirati_stan,3,14.92498142
2021-06-16,0.006,pirati_stan,3,14.93098142
2021-06-16,0.006,pirati_stan,3,14.93698142
2021-06-16,0.003,pirati_stan,3,14.93998142
2021-06-16,0.004,pirati_stan,3,14.94398142
2021-06-16,0.002,pirati_stan,3,14.94598142
2021-06-16,1.88e-4,pirati_stan,3,14.94616942
2021-06-16,0.005,pirati_stan,3,14.95116942
2021-06-16,0.015,pirati_stan,3,14.96616942
2021-06-16,0.092807,ods_kdu_top09,2,25.05446023
2021-06-16,0.004322,spd,5,24.85495775
2021-06-16,0.058235,spd,5,24.91319275
2021-06-16,0.1323135,spd,5,25.04550625
2021-06-16,0.006017,spd,5,25.05152325
2021-06-16,0.011646,spd,5,25.063169249999998
2021-06-16,8.406e-4,spd,5,25.064009849999998
2021-06-16,0.09075,trikolora,6,1.50316845
2021-06-16,0.001936,trikolora,6,1.50510445
2021-06-16,0.3,trikolora,6,1.80510445
2021-06-16,0.02,trikolora,6,1.82510445
2021-06-16,0.25168,trikolora,6,2.07678445
2021-06-16,0.03025,prisaha,4,1.6739827
2021-06-16,0.025,prisaha,4,1.6989827
2021-06-16,0.374,prisaha,4,2.0729827
2021-06-17,8.9e-5,pirati_stan,3,14.96625842
2021-06-17,0.00405,pirati_stan,3,14.97030842
2021-06-17,0.0047795,pirati_stan,3,14.97508792
2021-06-17,0.0019618599999999997,pirati_stan,3,14.97704978
2021-06-17,5e-4,pirati_stan,3,14.97754978
2021-06-17,0.02,pirati_stan,3,14.99754978
2021-06-17,0.003,pirati_stan,3,15.00054978
2021-06-18,0.051532629999999996,pirati_stan,3,15.05208241
2021-06-18,0.06286,pirati_stan,3,15.11494241
2021-06-18,0.001168,pirati_stan,3,15.116110410000001
2021-06-18,0.052726959999999996,pirati_stan,3,15.16883737
2021-06-18,0.016238,pirati_stan,3,15.18507537
2021-06-18,0.01,pirati_stan,3,15.19507537
2021-06-18,0.015,pirati_stan,3,15.21007537
2021-06-18,0.193545,pirati_stan,3,15.40362037
2021-06-18,0.001162,pirati_stan,3,15.40478237
2021-06-18,2.6443e-4,pirati_stan,3,15.405046800000001
2021-06-18,0.02,pirati_stan,3,15.4250468
2021-06-18,0.021815,ods_kdu_top09,2,25.07627523
2021-06-18,0.025,ods_kdu_top09,2,25.10127523
2021-06-18,0.022,ods_kdu_top09,2,25.12327523
2021-06-18,0.034,ods_kdu_top09,2,25.15727523
2021-06-18,0.02,spd,5,25.08400985
2021-06-19,0.005,pirati_stan,3,15.4300468
2021-06-21,0.01,pirati_stan,3,15.4400468
2021-06-21,0.00194233,pirati_stan,3,15.44198913
2021-06-21,0.015,pirati_stan,3,15.45698913
2021-06-21,0.003,pirati_stan,3,15.45998913
2021-06-21,0.00330386,ods_kdu_top09,2,25.16057909
2021-06-21,0.0086,ods_kdu_top09,2,25.16917909
2021-06-21,0.0225,ods_kdu_top09,2,25.19167909
2021-06-21,0.00357,ods_kdu_top09,2,25.19524909
2021-06-21,1e-4,ods_kdu_top09,2,25.19534909
2021-06-21,1.69e-4,ods_kdu_top09,2,25.19551809
2021-06-21,0.0020505,ods_kdu_top09,2,25.19756859
2021-06-21,0.0030101100000000003,spd,5,25.08701996
2021-06-21,0.02,cssd,1,2.96598918
2021-06-21,0.1815,cssd,1,3.14748918
2021-06-21,0.015125,prisaha,4,2.0881077
2021-06-22,0.00484,pirati_stan,3,15.46482913
2021-06-22,0.27777778000000003,pirati_stan,3,15.742606910000001
2021-06-22,0.10125,pirati_stan,3,15.84385691
2021-06-22,0.015,pirati_stan,3,15.85885691
2021-06-22,0.017848,pirati_stan,3,15.87670491
2021-06-22,0.001,pirati_stan,3,15.87770491
2021-06-22,0.035,pirati_stan,3,15.91270491
2021-06-22,0.0015,pirati_stan,3,15.91420491
2021-06-22,0.01815,pirati_stan,3,15.93235491
2021-06-22,0.006,pirati_stan,3,15.938354910000001
2021-06-22,0.02,pirati_stan,3,15.95835491
2021-06-22,0.02,pirati_stan,3,15.97835491
2021-06-22,5.1580606,ods_kdu_top09,2,30.35562919
2021-06-22,0.0484,prisaha,4,2.1365077
2021-06-22,0.374,prisaha,4,2.5105077
2021-06-23,0.811,pirati_stan,3,16.78935491
2021-06-23,5.445e-4,pirati_stan,3,16.78989941
2021-06-23,0.00184308,pirati_stan,3,16.79174249
2021-06-23,0.085,ods_kdu_top09,2,30.44062919
2021-06-23,0.05,ods_kdu_top09,2,30.49062919
2021-06-23,0.03,ods_kdu_top09,2,30.520629189999998
2021-06-23,0.06,ods_kdu_top09,2,30.58062919
2021-06-23,0.0063,ods_kdu_top09,2,30.58692919
2021-06-23,0.032298,ods_kdu_top09,2,30.61922719
2021-06-23,0.197434,ods_kdu_top09,2,30.816661189999998
2021-06-23,0.00646,ods_kdu_top09,2,30.82312119
2021-06-23,3e-4,ods_kdu_top09,2,30.823421189999998
2021-06-23,0.04235,ods_kdu_top09,2,30.86577119
2021-06-23,0.0029004499999999997,ods_kdu_top09,2,30.86867164
2021-06-23,0.015,ods_kdu_top09,2,30.88367164
2021-06-23,9e-5,ods_kdu_top09,2,30.88376164
2021-06-23,0.00847,spd,5,25.09548996
2021-06-23,0.0035321,spd,5,25.09902206
2021-06-23,0.00155,spd,5,25.10057206
2021-06-23,0.00647,spd,5,25.107042059999998
2021-06-23,0.025,spd,5,25.13204206
2021-06-23,0.001,spd,5,25.13304206
2021-06-23,5.72199963,spd,5,30.85504169
2021-06-23,0.966431,spd,5,31.82147269
2021-06-23,0.008906,spd,5,31.83037869
2021-06-23,0.003499,spd,5,31.833877689999998
2021-06-23,0.007899,spd,5,31.84177669
2021-06-23,0.002098,spd,5,31.84387469
2021-06-23,0.0035951,spd,5,31.847469789999998
2021-06-23,8.4e-4,spd,5,31.84830979
2021-06-23,0.001699,spd,5,31.85000879
2021-06-23,0.012414,spd,5,31.86242279
2021-06-23,1.0498263,spd,5,32.91224909
2021-06-23,4.0625e-4,spd,5,32.91265534
2021-06-23,0.02,spd,5,32.93265534
2021-06-23,0.010527,trikolora,6,2.08731145
2021-06-23,0.001984,trikolora,6,2.08929545
2021-06-23,0.05,trikolora,6,2.13929545
2021-06-23,0.026862,trikolora,6,2.16615745
2021-06-23,0.01815,trikolora,6,2.18430745
2021-06-24,0.01317265,pirati_stan,3,16.80491514
2021-06-24,0.011298319999999999,pirati_stan,3,16.81621346
2021-06-24,0.01,pirati_stan,3,16.82621346
2021-06-24,0.03220294,pirati_stan,3,16.8584164
2021-06-24,6.05e-4,pirati_stan,3,16.8590214
2021-06-24,0.00101125,pirati_stan,3,16.86003265
2021-06-24,0.0017270599999999999,pirati_stan,3,16.86175971
2021-06-24,0.0415393,pirati_stan,3,16.90329901
2021-06-24,6.8998e-4,pirati_stan,3,16.903988990000002
2021-06-24,0.0033417399999999997,pirati_stan,3,16.90733073
2021-06-24,0.00898052,pirati_stan,3,16.91631125
2021-06-24,0.015,pirati_stan,3,16.93131125
2021-06-24,0.0034728000000000003,ods_kdu_top09,2,30.88723444
2021-06-24,0.0018592,ods_kdu_top09,2,30.88909364
2021-06-24,0.0018479000000000002,ods_kdu_top09,2,30.89094154
2021-06-24,0.005228,ods_kdu_top09,2,30.89616954
2021-06-25,0.011539,pirati_stan,3,16.94285025
2021-06-25,0.003,pirati_stan,3,16.94585025
2021-06-25,0.57717,ods_kdu_top09,2,31.473339539999998
2021-06-25,0.04719,ods_kdu_top09,2,31.52052954
2021-06-25,0.02,spd,5,32.95265534
2021-06-26,0.004995,pirati_stan,3,16.95084525
2021-06-26,0.020842,pirati_stan,3,16.97168725
2021-06-26,0.02,pirati_stan,3,16.991687250000002
2021-06-26,0.015,spd,5,32.96765534
2021-06-26,0.00367284,cssd,1,3.1511620199999997
2021-06-28,0.01,pirati_stan,3,17.00168725
2021-06-28,0.005,pirati_stan,3,17.00668725
2021-06-28,0.015,pirati_stan,3,17.02168725
2021-06-28,0.114326,ods_kdu_top09,2,31.63485554
2021-06-28,0.5865535500000001,ods_kdu_top09,2,32.22140909
2021-06-28,0.00805,cssd,1,3.15921202
2021-06-29,0.0075,pirati_stan,3,17.02918725
2021-06-29,1e-4,pirati_stan,3,17.02928725
2021-06-29,0.01015,pirati_stan,3,17.03943725
2021-06-29,0.0035,pirati_stan,3,17.04293725
2021-06-29,9.438e-4,pirati_stan,3,17.04388105
2021-06-29,0.014127,pirati_stan,3,17.05800805
2021-06-29,0.0022,pirati_stan,3,17.06020805
2021-06-29,0.0160446,pirati_stan,3,17.07625265
2021-06-29,2.04e-4,pirati_stan,3,17.07645665
2021-06-29,0.0047795,pirati_stan,3,17.08123615
2021-06-29,0.006,pirati_stan,3,17.08723615
2021-06-29,0.014,pirati_stan,3,17.101236150000002
2021-06-29,4.6530000000000003e-4,pirati_stan,3,17.10170145
2021-06-29,0.02,pirati_stan,3,17.12170145
2021-06-29,0.15125,ods_kdu_top09,2,32.37265909
2021-06-29,0.15,ods_kdu_top09,2,32.52265909
2021-06-29,0.2,ods_kdu_top09,2,32.72265909
2021-06-30,5.5714e-4,pirati_stan,3,17.12225859
2021-06-30,5.8827e-4,pirati_stan,3,17.12284686
2021-06-30,1e-4,ods_kdu_top09,2,32.72275909
2021-06-30,0.00195294,ods_kdu_top09,2,32.72471203
2021-06-30,0.03,ods_kdu_top09,2,32.75471203
2021-06-30,0.01,ods_kdu_top09,2,32.76471203
2021-06-30,0.001,ods_kdu_top09,2,32.765712029999996
2021-06-30,0.0020458,ods_kdu_top09,2,32.76775783
2021-06-30,0.00206288,ods_kdu_top09,2,32.76982071
2021-06-30,5e-4,ods_kdu_top09,2,32.77032071
2021-06-30,5e-4,ods_kdu_top09,2,32.77082071
2021-06-30,0.02,cssd,1,3.17921202
2021-07-01,0.05,pirati_stan,3,17.17284686
2021-07-01,0.045,pirati_stan,3,17.21784686
2021-07-01,0.18,pirati_stan,3,17.39784686
2021-07-01,0.032,pirati_stan,3,17.42984686
2021-07-01,0.02415,pirati_stan,3,17.45399686
2021-07-01,0.008,pirati_stan,3,17.46199686
2021-07-01,0.016,pirati_stan,3,17.47799686
2021-07-01,0.016,pirati_stan,3,17.49399686
2021-07-01,0.02,pirati_stan,3,17.51399686
2021-07-01,0.008,pirati_stan,3,17.52199686
2021-07-01,0.016,pirati_stan,3,17.53799686
2021-07-01,0.00853633,pirati_stan,3,17.54653319
2021-07-01,0.015,pirati_stan,3,17.56153319
2021-07-01,0.001834,pirati_stan,3,17.56336719
2021-07-01,4.45e-4,pirati_stan,3,17.56381219
2021-07-01,0.001649,pirati_stan,3,17.56546119
2021-07-01,0.018,pirati_stan,3,17.58346119
2021-07-01,0.03580044,pirati_stan,3,17.61926163
2021-07-01,0.01815,pirati_stan,3,17.63741163
2021-07-01,0.027059,pirati_stan,3,17.66447063
2021-07-01,0.004235,pirati_stan,3,17.66870563
2021-07-01,0.03982,pirati_stan,3,17.70852563
2021-07-01,0.02178,pirati_stan,3,17.73030563
2021-07-01,0.003,pirati_stan,3,17.73330563
2021-07-01,7.3e-4,pirati_stan,3,17.73403563
2021-07-01,0.013989,pirati_stan,3,17.74802463
2021-07-01,0.002662,pirati_stan,3,17.75068663
2021-07-01,0.007151,pirati_stan,3,17.75783763
2021-07-01,0.044,pirati_stan,3,17.80183763
2021-07-01,0.01,pirati_stan,3,17.81183763
2021-07-01,0.01,pirati_stan,3,17.82183763
2021-07-01,0.02904,pirati_stan,3,17.85087763
2021-07-01,2.8e-4,pirati_stan,3,17.85115763
2021-07-01,0.01694,pirati_stan,3,17.86809763
2021-07-01,0.0059895,pirati_stan,3,17.87408713
2021-07-01,0.014,pirati_stan,3,17.88808713
2021-07-01,0.0028193000000000003,pirati_stan,3,17.89090643
2021-07-01,0.00242,pirati_stan,3,17.893326430000002
2021-07-01,0.011352,pirati_stan,3,17.90467843
2021-07-01,0.008,pirati_stan,3,17.91267843
2021-07-01,0.0033389,pirati_stan,3,17.91601733
2021-07-01,0.00303877,pirati_stan,3,17.9190561
2021-07-01,0.003863,pirati_stan,3,17.9229191
2021-07-01,0.001525,pirati_stan,3,17.9244441
2021-07-01,0.00562685,pirati_stan,3,17.93007095
2021-07-01,0.04,spd,5,33.00765534
2021-07-01,0.002541,spd,5,33.01019634
2021-07-01,0.002557,spd,5,33.012753339999996
2021-07-01,0.001911,spd,5,33.01466434
2021-07-01,0.0036,spd,5,33.01826434
2021-07-01,0.03,spd,5,33.04826434
2021-07-01,0.00405,spd,5,33.05231434
2021-07-01,0.0012,spd,5,33.05351434
2021-07-01,3.146,spd,5,36.19951434
2021-07-01,0.269225,spd,5,36.46873934
2021-07-01,0.78580425,spd,5,37.25454359
2021-07-01,0.02,spd,5,37.27454359
2021-07-01,0.004356,trikolora,6,2.18866345
2021-07-01,0.0525,trikolora,6,2.24116345
2021-07-01,0.03033,trikolora,6,2.27149345
2021-07-01,0.0042,trikolora,6,2.27569345
2021-07-01,0.003872,trikolora,6,2.2795654499999998
2021-07-01,0.005566,trikolora,6,2.28513145
2021-07-01,0.00249018,trikolora,6,2.28762163
2021-07-01,0.0060258,trikolora,6,2.29364743
2021-07-01,0.3,trikolora,6,2.59364743
2021-07-01,0.0025,trikolora,6,2.59614743
2021-07-01,0.00175,trikolora,6,2.59789743
2021-07-01,5e-4,trikolora,6,2.59839743
2021-07-01,7.5e-4,trikolora,6,2.59914743
2021-07-01,5e-4,trikolora,6,2.59964743
2021-07-01,0.00125,trikolora,6,2.60089743
2021-07-01,0.079479,prisaha,4,2.5899867
2021-07-01,0.1923779,prisaha,4,2.7823646
2021-07-01,0.011495,prisaha,4,2.7938595999999998
2021-07-01,0.0847,prisaha,4,2.8785596
2021-07-02,0.001887,pirati_stan,3,17.93195795
2021-07-02,0.004,pirati_stan,3,17.93595795
2021-07-02,0.002,pirati_stan,3,17.93795795
2021-07-02,0.016,pirati_stan,3,17.95395795
2021-07-02,0.01,pirati_stan,3,17.96395795
2021-07-02,0.003,pirati_stan,3,17.96695795
2021-07-02,0.014,pirati_stan,3,17.98095795
2021-07-02,0.0034998000000000004,pirati_stan,3,17.98445775
2021-07-02,0.165165,ods_kdu_top09,2,32.93598571
2021-07-02,0.15004,ods_kdu_top09,2,33.08602571
2021-07-02,0.01375,ods_kdu_top09,2,33.099775709999996
2021-07-02,0.004,trikolora,6,2.60489743
2021-07-02,5e-4,prisaha,4,2.8790596
2021-07-02,0.1828915,prisaha,4,3.0619511
2021-07-02,0.0160325,prisaha,4,3.0779836
2021-07-02,0.1442078,prisaha,4,3.2221914
2021-07-02,0.03025,prisaha,4,3.2524414
2021-07-03,0.01,pirati_stan,3,17.99445775
2021-07-03,0.02,pirati_stan,3,18.014457750000002
2021-07-03,0.006,trikolora,6,2.61089743
2021-07-05,0.00841048,pirati_stan,3,18.02286823
2021-07-05,0.0125,trikolora,6,2.62339743
2021-07-05,0.009,trikolora,6,2.63239743
2021-07-06,0.02,pirati_stan,3,18.04286823
2021-07-07,0.003,pirati_stan,3,18.04586823
2021-07-07,0.0019397000000000001,ods_kdu_top09,2,33.10171541
2021-07-07,0.012,ods_kdu_top09,2,33.11371541
2021-07-07,0.003602,ods_kdu_top09,2,33.11731741
2021-07-07,9.9999e-4,ods_kdu_top09,2,33.1183174
2021-07-07,0.01679964,ods_kdu_top09,2,33.13511704
2021-07-07,0.010648,ods_kdu_top09,2,33.14576504
2021-07-07,0.00363,ods_kdu_top09,2,33.14939504
2021-07-07,9.866900000000001e-4,ods_kdu_top09,2,33.15038173
2021-07-07,0.0121,ods_kdu_top09,2,33.162481729999996
2021-07-07,0.02178,ods_kdu_top09,2,33.184261729999996
2021-07-07,0.0234619,ods_kdu_top09,2,33.20772363
2021-07-07,0.34229392,ods_kdu_top09,2,33.55001755
2021-07-07,0.121,cssd,1,3.30021202
2021-07-07,0.0015125,cssd,1,3.3017245199999996
2021-07-07,0.01808622,cssd,1,3.31981074
2021-07-07,5.318359,cssd,1,8.63816974
2021-07-08,0.03,pirati_stan,3,18.07586823
2021-07-08,0.039668,pirati_stan,3,18.11553623
2021-07-08,0.03,pirati_stan,3,18.14553623
2021-07-08,0.015,pirati_stan,3,18.16053623
2021-07-08,0.007,pirati_stan,3,18.16753623
2021-07-08,0.03,pirati_stan,3,18.19753623
2021-07-08,0.050405,pirati_stan,3,18.24794123
2021-07-08,0.035,pirati_stan,3,18.28294123
2021-07-08,0.006,pirati_stan,3,18.28894123
2021-07-08,0.002,pirati_stan,3,18.29094123
2021-07-08,0.02,pirati_stan,3,18.31094123
2021-07-08,0.02,pirati_stan,3,18.33094123
2021-07-08,0.0121,pirati_stan,3,18.34304123
2021-07-08,0.00363,pirati_stan,3,18.346671230000002
2021-07-08,0.0275,pirati_stan,3,18.37417123
2021-07-08,0.05,pirati_stan,3,18.42417123
2021-07-08,0.04,pirati_stan,3,18.46417123
2021-07-08,0.025,pirati_stan,3,18.48917123
2021-07-08,0.003456,pirati_stan,3,18.49262723
2021-07-08,0.01,pirati_stan,3,18.50262723
2021-07-08,0.035,pirati_stan,3,18.537627230000002
2021-07-08,0.005,pirati_stan,3,18.54262723
2021-07-08,0.02,pirati_stan,3,18.56262723
2021-07-08,0.05,pirati_stan,3,18.61262723
2021-07-08,0.040811,pirati_stan,3,18.65343823
2021-07-08,0.032,pirati_stan,3,18.68543823
2021-07-08,0.015,pirati_stan,3,18.70043823
2021-07-08,0.02,trikolora,6,2.65239743
2021-07-09,0.02,pirati_stan,3,18.72043823
2021-07-09,6.832699999999999e-4,pirati_stan,3,18.7211215
2021-07-09,0.012203,ods_kdu_top09,2,33.56222055
2021-07-09,0.004,ods_kdu_top09,2,33.56622055
2021-07-09,0.96265451,ods_kdu_top09,2,34.52887506
2021-07-09,2.8e-4,ods_kdu_top09,2,34.52915506
2021-07-09,2.8e-5,ods_kdu_top09,2,34.52918306
2021-07-09,0.01083434,ods_kdu_top09,2,34.540017399999996
2021-07-09,1.21e-4,spd,5,37.27466459
2021-07-09,0.01,spd,5,37.28466459
2021-07-09,0.0024139499999999998,spd,5,37.287078539999996
2021-07-09,0.00219175,spd,5,37.28927029
2021-07-09,0.004,spd,5,37.29327029
2021-07-09,0.06897,spd,5,37.36224029
2021-07-09,0.69575,spd,5,38.05799029
2021-07-09,0.278296,spd,5,38.33628629
2021-07-09,0.115797,spd,5,38.45208329
2021-07-09,0.09535,spd,5,38.54743329
2021-07-09,0.1816815,trikolora,6,2.83407893
2021-07-09,0.04723818,trikolora,6,2.88131711
2021-07-09,0.087287,trikolora,6,2.96860411
2021-07-09,0.09075,trikolora,6,3.05935411
2021-07-09,0.025,prisaha,4,3.2774414
2021-07-09,7.9105e-4,prisaha,4,3.27823245
2021-07-10,0.02,spd,5,38.56743329
2021-07-10,0.02,trikolora,6,3.07935411
2021-07-12,0.0435,pirati_stan,3,18.7646215
2021-07-12,0.0072,pirati_stan,3,18.7718215
2021-07-12,0.001311,pirati_stan,3,18.7731325
2021-07-12,0.02,pirati_stan,3,18.7931325
2021-07-12,0.01,pirati_stan,3,18.8031325
2021-07-12,5e-4,pirati_stan,3,18.8036325
2021-07-12,0.02,pirati_stan,3,18.8236325
2021-07-12,0.05,pirati_stan,3,18.8736325
2021-07-12,0.020086,pirati_stan,3,18.8937185
2021-07-12,0.033813,pirati_stan,3,18.9275315
2021-07-12,0.012,pirati_stan,3,18.9395315
2021-07-12,0.012,pirati_stan,3,18.9515315
2021-07-12,0.022,pirati_stan,3,18.9735315
2021-07-12,0.097523,pirati_stan,3,19.0710545
2021-07-12,0.04,pirati_stan,3,19.1110545
2021-07-12,0.099608,pirati_stan,3,19.2106625
2021-07-12,0.33511761,pirati_stan,3,19.54578011
2021-07-12,0.7080844300000001,pirati_stan,3,20.25386454
2021-07-12,0.5275849100000001,pirati_stan,3,20.78144945
2021-07-12,0.003,pirati_stan,3,20.78444945
2021-07-12,0.005,pirati_stan,3,20.78944945
2021-07-12,3.8e-4,ods_kdu_top09,2,34.540397399999996
2021-07-12,0.0020802,ods_kdu_top09,2,34.5424776
2021-07-12,4.4e-4,ods_kdu_top09,2,34.5429176
2021-07-13,0.075386,pirati_stan,3,20.86483545
2021-07-13,0.00121,pirati_stan,3,20.86604545
2021-07-13,0.00765,pirati_stan,3,20.87369545
2021-07-13,6e-4,pirati_stan,3,20.87429545
2021-07-13,0.001048,pirati_stan,3,20.87534345
2021-07-13,0.022,pirati_stan,3,20.89734345
2021-07-13,0.00165,pirati_stan,3,20.89899345
2021-07-13,0.035,pirati_stan,3,20.93399345
2021-07-13,0.0016084200000000002,pirati_stan,3,20.93560187
2021-07-13,7.35e-4,pirati_stan,3,20.93633687
2021-07-13,0.00117525,pirati_stan,3,20.93751212
2021-07-13,4.13e-4,pirati_stan,3,20.93792512
2021-07-13,0.003493,pirati_stan,3,20.94141812
2021-07-13,0.003,ods_kdu_top09,2,34.545917599999996
2021-07-13,0.01529303,ods_kdu_top09,2,34.56121063
2021-07-13,0.00293425,ods_kdu_top09,2,34.56414488
2021-07-13,1.5,ods_kdu_top09,2,36.06414488
2021-07-13,0.035,ods_kdu_top09,2,36.09914488
2021-07-13,0.0363,ods_kdu_top09,2,36.13544488
2021-07-13,0.0605,ods_kdu_top09,2,36.19594488
2021-07-13,0.0121,cssd,1,8.65026974
2021-07-13,0.0025,cssd,1,8.65276974
2021-07-13,0.06939713,cssd,1,8.72216687
2021-07-13,0.0242,cssd,1,8.74636687
2021-07-13,0.1816815,trikolora,6,3.26103561
2021-07-13,0.126391,trikolora,6,3.38742661
2021-07-13,0.02020187,trikolora,6,3.40762848
2021-07-13,0.025,zeleni,7,0.045
2021-07-13,0.0415,zeleni,7,0.08650000000000001
2021-07-13,0.012923,zeleni,7,0.099423
2021-07-14,0.012,pirati_stan,3,20.953418120000002
2021-07-14,0.002,pirati_stan,3,20.95541812
2021-07-14,0.003,pirati_stan,3,20.95841812
2021-07-14,0.05566,pirati_stan,3,21.01407812
2021-07-14,0.03937,pirati_stan,3,21.05344812
2021-07-14,7.56e-4,pirati_stan,3,21.05420412
2021-07-14,0.001706,pirati_stan,3,21.05591012
2021-07-14,0.044,pirati_stan,3,21.09991012
2021-07-14,0.01815,pirati_stan,3,21.11806012
2021-07-14,0.0025,pirati_stan,3,21.12056012
2021-07-14,0.004,pirati_stan,3,21.12456012
2021-07-14,0.0143,pirati_stan,3,21.13886012
2021-07-14,0.035,pirati_stan,3,21.17386012
2021-07-14,2.92e-4,pirati_stan,3,21.17415212
2021-07-14,0.004298,pirati_stan,3,21.17845012
2021-07-14,0.10354580000000001,pirati_stan,3,21.28199592
2021-07-14,0.032,pirati_stan,3,21.31399592
2021-07-14,2.4e-4,pirati_stan,3,21.31423592
2021-07-14,0.00617,pirati_stan,3,21.32040592
2021-07-14,1e-4,ods_kdu_top09,2,36.19604488
2021-07-14,0.008228,ods_kdu_top09,2,36.20427288
2021-07-14,0.0288,ods_kdu_top09,2,36.23307288
2021-07-14,0.1425,prisaha,4,3.42073245
2021-07-14,0.1035,prisaha,4,3.52423245
2021-07-14,0.199325,prisaha,4,3.72355745
2021-07-14,0.014634399999999999,prisaha,4,3.7381918499999998
2021-07-14,0.03025,prisaha,4,3.76844185
2021-07-15,0.06655,pirati_stan,3,21.386955920000002
2021-07-15,0.036809,pirati_stan,3,21.42376492
2021-07-15,0.016146,pirati_stan,3,21.43991092
2021-07-15,0.005723,pirati_stan,3,21.44563392
2021-07-15,0.0056408000000000005,pirati_stan,3,21.45127472
2021-07-15,0.0054,pirati_stan,3,21.45667472
2021-07-15,8.78e-4,pirati_stan,3,21.45755272
2021-07-15,4.66e-4,pirati_stan,3,21.458018720000002
2021-07-15,0.001931,pirati_stan,3,21.45994972
2021-07-15,0.001976,pirati_stan,3,21.46192572
2021-07-15,2.39e-4,pirati_stan,3,21.46216472
2021-07-15,0.00133269,pirati_stan,3,21.46349741
2021-07-15,0.00582657,pirati_stan,3,21.469323980000002
2021-07-15,0.015,pirati_stan,3,21.48432398
2021-07-15,0.030716,pirati_stan,3,21.51503998
2021-07-15,0.03025,pirati_stan,3,21.54528998
2021-07-15,0.002178,pirati_stan,3,21.54746798
2021-07-15,0.0168,pirati_stan,3,21.56426798
2021-07-15,0.012953,pirati_stan,3,21.57722098
2021-07-15,0.005025,pirati_stan,3,21.58224598
2021-07-15,0.002,pirati_stan,3,21.584245980000002
2021-07-15,0.013115,pirati_stan,3,21.59736098
2021-07-15,0.16335,pirati_stan,3,21.76071098
2021-07-15,0.00411729,pirati_stan,3,21.76482827
2021-07-15,0.004562,pirati_stan,3,21.76939027
2021-07-15,0.03212,pirati_stan,3,21.80151027
2021-07-15,0.00752,pirati_stan,3,21.80903027
2021-07-15,4.95e-4,pirati_stan,3,21.80952527
2021-07-15,0.02,pirati_stan,3,21.82952527
2021-07-15,0.00230747,ods_kdu_top09,2,36.23538035
2021-07-15,0.0200859,ods_kdu_top09,2,36.25546625
2021-07-15,0.121,ods_kdu_top09,2,36.37646625
2021-07-15,0.0576,ods_kdu_top09,2,36.43406625
2021-07-15,0.00545,ods_kdu_top09,2,36.43951625
2021-07-15,0.0308,ods_kdu_top09,2,36.470316249999996
2021-07-15,0.003869,spd,5,38.57130229
2021-07-15,0.002055,spd,5,38.57335729
2021-07-15,0.002541,spd,5,38.57589829
2021-07-15,9.1e-4,spd,5,38.57680829
2021-07-15,0.00354,spd,5,38.580348289999996
2021-07-15,0.001001,spd,5,38.58134929
2021-07-15,0.121,spd,5,38.70234929
2021-07-15,1.18e-4,spd,5,38.70246729
2021-07-15,0.011616,spd,5,38.71408329
2021-07-15,0.17349222,cssd,1,8.91985909
2021-07-15,0.121,cssd,1,9.04085909
2021-07-15,0.003025,cssd,1,9.04388409
2021-07-15,0.04235,cssd,1,9.08623409
2021-07-15,0.09075,trikolora,6,3.49837848
2021-07-15,0.0025,trikolora,6,3.50087848
2021-07-15,0.009438,trikolora,6,3.5103164799999997
2021-07-15,0.00373406,trikolora,6,3.51405054
2021-07-15,0.0605,trikolora,6,3.57455054
2021-07-15,0.012,trikolora,6,3.5865505399999997
2021-07-15,0.004602,trikolora,6,3.59115254
2021-07-15,0.78523118,trikolora,6,4.37638372
2021-07-15,0.111763,trikolora,6,4.48814672
2021-07-16,5.761e-5,pirati_stan,3,21.82958288
2021-07-16,0.003,pirati_stan,3,21.83258288
2021-07-16,0.02,spd,5,38.73408329
2021-07-16,0.02,cssd,1,9.10623409
2021-07-17,0.015,spd,5,38.74908329
2021-07-17,8.6587e-4,spd,5,38.74994916
2021-07-17,0.02,spd,5,38.769949159999996
2021-07-17,0.02,trikolora,6,4.50814672
2021-07-17,0.0242,prisaha,4,3.79264185
2021-07-19,0.04,pirati_stan,3,21.87258288
2021-07-19,0.001452,pirati_stan,3,21.87403488
2021-07-19,0.0014883,pirati_stan,3,21.875523180000002
2021-07-19,0.005,pirati_stan,3,21.88052318
2021-07-19,0.007531,pirati_stan,3,21.88805418
2021-07-19,0.022,pirati_stan,3,21.91005418
2021-07-19,0.011,pirati_stan,3,21.92105418
2021-07-19,0.042017,pirati_stan,3,21.96307118
2021-07-19,0.058961,pirati_stan,3,22.02203218
2021-07-19,0.055,pirati_stan,3,22.07703218
2021-07-19,0.055,pirati_stan,3,22.13203218
2021-07-19,0.055,pirati_stan,3,22.18703218
2021-07-19,0.001058,pirati_stan,3,22.18809018
2021-07-19,0.189668,pirati_stan,3,22.37775818
2021-07-19,0.003606,pirati_stan,3,22.381364180000002
2021-07-19,0.003606,pirati_stan,3,22.38497018
2021-07-19,0.021175,pirati_stan,3,22.40614518
2021-07-19,0.008,pirati_stan,3,22.414145180000002
2021-07-19,0.015,pirati_stan,3,22.42914518
2021-07-19,0.015,pirati_stan,3,22.44414518
2021-07-19,0.005,pirati_stan,3,22.449145180000002
2021-07-19,0.02,pirati_stan,3,22.46914518
2021-07-19,5e-4,ods_kdu_top09,2,36.47081625
2021-07-19,0.0027567,ods_kdu_top09,2,36.47357295
2021-07-19,0.005535600000000001,ods_kdu_top09,2,36.47910855
2021-07-19,0.00609,ods_kdu_top09,2,36.48519855
2021-07-19,0.363,ods_kdu_top09,2,36.84819855
2021-07-19,0.242,ods_kdu_top09,2,37.09019855
2021-07-19,0.00644598,trikolora,6,4.5145927
2021-07-20,0.0225,pirati_stan,3,22.49164518
2021-07-20,9.9946e-4,pirati_stan,3,22.49264464
2021-07-20,0.0047795,pirati_stan,3,22.49742414
2021-07-20,0.03375,pirati_stan,3,22.53117414
2021-07-20,0.27777778000000003,pirati_stan,3,22.808951920000002
2021-07-20,0.001961,pirati_stan,3,22.81091292
2021-07-20,0.116404,pirati_stan,3,22.92731692
2021-07-20,0.9918006500000001,pirati_stan,3,23.91911757
2021-07-20,0.015,pirati_stan,3,23.93411757
2021-07-20,0.01,pirati_stan,3,23.94411757
2021-07-20,0.0015,ods_kdu_top09,2,37.09169855
2021-07-20,0.00124757,ods_kdu_top09,2,37.09294612
2021-07-20,0.025,ods_kdu_top09,2,37.11794612
2021-07-20,5e-4,ods_kdu_top09,2,37.11844612
2021-07-20,0.00152,ods_kdu_top09,2,37.11996612
2021-07-20,1e-4,ods_kdu_top09,2,37.12006612
2021-07-20,0.001,ods_kdu_top09,2,37.12106612
2021-07-20,0.00330462,spd,5,38.77325378
2021-07-20,0.02,spd,5,38.79325378
2021-07-20,0.05,cssd,1,9.15623409
2021-07-20,0.121,cssd,1,9.27723409
2021-07-20,5.318359,cssd,1,14.59559309
2021-07-20,0.02,cssd,1,14.615593089999999
2021-07-20,0.0020449,trikolora,6,4.5166376
2021-07-20,0.242,trikolora,6,4.7586376
2021-07-20,0.009743,trikolora,6,4.7683806
2021-07-20,0.00726,trikolora,6,4.7756406
2021-07-20,0.055696300000000004,trikolora,6,4.8313369
2021-07-20,0.00663,zeleni,7,0.10605300000000001
2021-07-21,3.871e-5,pirati_stan,3,23.94415628
2021-07-21,0.015,pirati_stan,3,23.959156280000002
2021-07-21,1e-4,pirati_stan,3,23.95925628
2021-07-21,0.0189142,pirati_stan,3,23.97817048
2021-07-21,0.02,pirati_stan,3,23.99817048
2021-07-21,1.0247e-4,pirati_stan,3,23.99827295
2021-07-21,0.1509838,ods_kdu_top09,2,37.27204992
2021-07-21,0.1757767,ods_kdu_top09,2,37.44782662
2021-07-21,0.30808778000000003,ods_kdu_top09,2,37.7559144
2021-07-21,0.001021,spd,5,38.79427478
2021-07-21,0.025,spd,5,38.81927478
2021-07-21,0.00985,spd,5,38.82912478
2021-07-21,0.004235,spd,5,38.83335978
2021-07-21,0.0635976,spd,5,38.896957379999996
2021-07-21,0.00625,spd,5,38.90320738
2021-07-21,5.05e-4,spd,5,38.90371238
2021-07-21,0.018714,spd,5,38.92242638
2021-07-21,4.63e-4,spd,5,38.92288938
2021-07-21,7.075e-4,spd,5,38.92359688
2021-07-22,0.02299,pirati_stan,3,24.02126295
2021-07-22,0.003648,pirati_stan,3,24.02491095
2021-07-22,0.019178,pirati_stan,3,24.04408895
2021-07-22,0.029904,pirati_stan,3,24.07399295
2021-07-22,0.007,pirati_stan,3,24.08099295
2021-07-22,0.0012,pirati_stan,3,24.08219295
2021-07-22,0.00525,pirati_stan,3,24.08744295
2021-07-22,1.19e-4,pirati_stan,3,24.08756195
2021-07-22,0.00315,pirati_stan,3,24.09071195
2021-07-22,0.003,pirati_stan,3,24.09371195
2021-07-22,0.00605,pirati_stan,3,24.09976195
2021-07-22,0.03,pirati_stan,3,24.12976195
2021-07-22,0.0075,pirati_stan,3,24.13726195
2021-07-22,0.0017848299999999998,pirati_stan,3,24.13904678
2021-07-22,2.61e-4,pirati_stan,3,24.13930778
2021-07-22,0.09559,pirati_stan,3,24.23489778
2021-07-22,4.09e-4,pirati_stan,3,24.235306780000002
2021-07-22,0.003,pirati_stan,3,24.238306780000002
2021-07-22,0.015,pirati_stan,3,24.25330678
2021-07-22,0.03,zeleni,7,0.136053
2021-07-22,0.002,zeleni,7,0.138053
2021-07-22,0.004,zeleni,7,0.142053
2021-07-22,0.005,zeleni,7,0.147053
2021-07-23,0.015,pirati_stan,3,24.26830678
2021-07-23,0.063416,pirati_stan,3,24.33172278
2021-07-23,0.002795,pirati_stan,3,24.33451778
2021-07-23,3.2154000000000004e-4,pirati_stan,3,24.33483932
2021-07-23,0.035,pirati_stan,3,24.36983932
2021-07-23,0.00726,pirati_stan,3,24.37709932
2021-07-23,0.01875,pirati_stan,3,24.39584932
2021-07-23,0.03125,pirati_stan,3,24.42709932
2021-07-23,0.0075,pirati_stan,3,24.43459932
2021-07-23,0.0014145,pirati_stan,3,24.43601382
2021-07-23,0.015,pirati_stan,3,24.45101382
2021-07-23,1.3e-4,ods_kdu_top09,2,37.7560444
2021-07-23,0.078045,ods_kdu_top09,2,37.834089399999996
2021-07-23,0.00335412,ods_kdu_top09,2,37.83744352
2021-07-23,0.01182618,ods_kdu_top09,2,37.8492697
2021-07-23,0.0039717,spd,5,38.92756858
2021-07-23,0.02,trikolora,6,4.8513369
2021-07-23,0.02084745,zeleni,7,0.16790045
2021-07-24,1.8146000000000001e-4,pirati_stan,3,24.45119528
2021-07-24,0.015,pirati_stan,3,24.46619528
2021-07-24,1.2289e-4,pirati_stan,3,24.46631817
2021-07-24,0.00304011,pirati_stan,3,24.46935828
2021-07-24,0.015,pirati_stan,3,24.484358280000002
2021-07-24,0.005,pirati_stan,3,24.48935828
2021-07-24,0.02,pirati_stan,3,24.50935828
